"0x0d6b5a54f940bf3d52e438cab785981aaefdf40c","0x1522900b6dafac587d499a862861c0869be6e428","4","2.4325624257326126"
"0x0d6b5a54f940bf3d52e438cab785981aaefdf40c","0x209c4784ab1e8183cf58ca33cb740efbf3fc18ef","12","55.752092719078064"
"0x0d6b5a54f940bf3d52e438cab785981aaefdf40c","0x243bec9256c9a3469da22103891465b47583d9f1","1","1"
"0x0d6b5a54f940bf3d52e438cab785981aaefdf40c","0x2b5634c42055806a59e9107ed44d43c426e58258","3","4.654718697071075"
"0x0d6b5a54f940bf3d52e438cab785981aaefdf40c","0x3613ef1125a078ef96ffc898c4ec28d73c5b8c52","4","2.4154589474201202"
"0x0d6b5a54f940bf3d52e438cab785981aaefdf40c","0x390de26d772d2e2005c6d1d24afc902bae37a4bb","14","116.3620086312294"
"0x0d6b5a54f940bf3d52e438cab785981aaefdf40c","0x3f5ce5fbfe3e9af3971dd833d26ba9b5c936f0be","1","38.34605026245117"
"0x0d6b5a54f940bf3d52e438cab785981aaefdf40c","0x4b01721f0244e7c5b5f63c20942850e447f5a5ee","19","28.827053256332874"
"0x0d6b5a54f940bf3d52e438cab785981aaefdf40c","0x6fc82a5fe25a5cdb58bc74600a40a69c065263f8","1","0.35684096813201904"
"0x0d6b5a54f940bf3d52e438cab785981aaefdf40c","0x70faa28a6b8d6829a4b1e649d26ec9a2a39ba413","1","0.09326311200857162"
"0x0d6b5a54f940bf3d52e438cab785981aaefdf40c","0x7727e5113d1d161373623e5f49fd568b4f543a9e","31","144.63521173596382"
"0x0d6b5a54f940bf3d52e438cab785981aaefdf40c","0x8271b2e8cbe29396e9563229030c89679b9470db","13","51.550711289048195"
"0x0d6b5a54f940bf3d52e438cab785981aaefdf40c","0x96fc4553a00c117c5b0bed950dd625d1c16dc894","1","1.893784761428833"
"0x0d6b5a54f940bf3d52e438cab785981aaefdf40c","0xe94b04a0fed112f3664e45adb2b8915693dd5ff3","83","363.35538774728775"
"0x0d6b5a54f940bf3d52e438cab785981aaefdf40c","0xf5bec430576ff1b82e44ddb5a1c93f6f9d0884f3","5","4.422063708305359"
"0x0d6b5a54f940bf3d52e438cab785981aaefdf40c","0xfa52274dd61e1643d2205169732f29114bc240b3","11","60.278104819357395"
"0x1151314c646ce4e0efd76d1af4760ae66a9fe30f","0x0d6b5a54f940bf3d52e438cab785981aaefdf40c","61","290.60881266742945"
"0x1151314c646ce4e0efd76d1af4760ae66a9fe30f","0x1522900b6dafac587d499a862861c0869be6e428","737","105856.71719366871"
"0x1151314c646ce4e0efd76d1af4760ae66a9fe30f","0x209c4784ab1e8183cf58ca33cb740efbf3fc18ef","858","148966.79570484068"
"0x1151314c646ce4e0efd76d1af4760ae66a9fe30f","0x236f9f97e0e62388479bf9e5ba4889e46b0273c3","450","48050.258789896965"
"0x1151314c646ce4e0efd76d1af4760ae66a9fe30f","0x243bec9256c9a3469da22103891465b47583d9f1","75","1120.703243081458"
"0x1151314c646ce4e0efd76d1af4760ae66a9fe30f","0x2b5634c42055806a59e9107ed44d43c426e58258","22","171.89824932813644"
"0x1151314c646ce4e0efd76d1af4760ae66a9fe30f","0x3613ef1125a078ef96ffc898c4ec28d73c5b8c52","12","23.757495015859604"
"0x1151314c646ce4e0efd76d1af4760ae66a9fe30f","0x390de26d772d2e2005c6d1d24afc902bae37a4bb","253","4764.876057617366"
"0x1151314c646ce4e0efd76d1af4760ae66a9fe30f","0x3f5ce5fbfe3e9af3971dd833d26ba9b5c936f0be","121","12510.713886260986"
"0x1151314c646ce4e0efd76d1af4760ae66a9fe30f","0x4b01721f0244e7c5b5f63c20942850e447f5a5ee","162","424.2067784368992"
"0x1151314c646ce4e0efd76d1af4760ae66a9fe30f","0x5baeac0a0417a05733884852aa068b706967e790","3","7.470721850171685"
"0x1151314c646ce4e0efd76d1af4760ae66a9fe30f","0x6fc82a5fe25a5cdb58bc74600a40a69c065263f8","489","256835.08978708088"
"0x1151314c646ce4e0efd76d1af4760ae66a9fe30f","0x70faa28a6b8d6829a4b1e649d26ec9a2a39ba413","193","307.3957498781383"
"0x1151314c646ce4e0efd76d1af4760ae66a9fe30f","0x7727e5113d1d161373623e5f49fd568b4f543a9e","104","2071.0749267227143"
"0x1151314c646ce4e0efd76d1af4760ae66a9fe30f","0x8271b2e8cbe29396e9563229030c89679b9470db","210","1902.521081827581"
"0x1151314c646ce4e0efd76d1af4760ae66a9fe30f","0x96fc4553a00c117c5b0bed950dd625d1c16dc894","101","163.67269499972463"
"0x1151314c646ce4e0efd76d1af4760ae66a9fe30f","0xb6ba1931e4e74fd080587688f6db10e830f810d5","25","12.649194464087486"
"0x1151314c646ce4e0efd76d1af4760ae66a9fe30f","0xd7c866d0d536937bf9123e02f7c052446588189f","1","0.30000001192092896"
"0x1151314c646ce4e0efd76d1af4760ae66a9fe30f","0xe94b04a0fed112f3664e45adb2b8915693dd5ff3","1212","117598.36102134734"
"0x1151314c646ce4e0efd76d1af4760ae66a9fe30f","0xf5bec430576ff1b82e44ddb5a1c93f6f9d0884f3","275","1940.2816588878632"
"0x1151314c646ce4e0efd76d1af4760ae66a9fe30f","0xfa52274dd61e1643d2205169732f29114bc240b3","1435","72980.64119892567"
"0x1151314c646ce4e0efd76d1af4760ae66a9fe30f","0xfb9f7f41319157ac5c5dccae308a63a4337ad5d9","8","13.777567595243454"
"0x1522900b6dafac587d499a862861c0869be6e428","0x209c4784ab1e8183cf58ca33cb740efbf3fc18ef","284","52059.91031773016"
"0x1522900b6dafac587d499a862861c0869be6e428","0x236f9f97e0e62388479bf9e5ba4889e46b0273c3","31","1097.5847746133804"
"0x1522900b6dafac587d499a862861c0869be6e428","0x243bec9256c9a3469da22103891465b47583d9f1","11","52.53831288218498"
"0x1522900b6dafac587d499a862861c0869be6e428","0x2b5634c42055806a59e9107ed44d43c426e58258","10","52.90750205516815"
"0x1522900b6dafac587d499a862861c0869be6e428","0x390de26d772d2e2005c6d1d24afc902bae37a4bb","2","38.958101043477654"
"0x1522900b6dafac587d499a862861c0869be6e428","0x4b01721f0244e7c5b5f63c20942850e447f5a5ee","1","0.18000000715255737"
"0x1522900b6dafac587d499a862861c0869be6e428","0x6fc82a5fe25a5cdb58bc74600a40a69c065263f8","85","24629.257470466197"
"0x1522900b6dafac587d499a862861c0869be6e428","0x70faa28a6b8d6829a4b1e649d26ec9a2a39ba413","98","348.0529516786337"
"0x1522900b6dafac587d499a862861c0869be6e428","0x7727e5113d1d161373623e5f49fd568b4f543a9e","73","1625.5337334424257"
"0x1522900b6dafac587d499a862861c0869be6e428","0x8271b2e8cbe29396e9563229030c89679b9470db","1","1"
"0x1522900b6dafac587d499a862861c0869be6e428","0x96fc4553a00c117c5b0bed950dd625d1c16dc894","54","448.20529109984636"
"0x1522900b6dafac587d499a862861c0869be6e428","0xe94b04a0fed112f3664e45adb2b8915693dd5ff3","344","37808.23454051837"
"0x1522900b6dafac587d499a862861c0869be6e428","0xf5bec430576ff1b82e44ddb5a1c93f6f9d0884f3","17","44.01890243217349"
"0x1522900b6dafac587d499a862861c0869be6e428","0xfa52274dd61e1643d2205169732f29114bc240b3","477","21766.031540341675"
"0x236f9f97e0e62388479bf9e5ba4889e46b0273c3","0x1522900b6dafac587d499a862861c0869be6e428","40","2164.705118680373"
"0x236f9f97e0e62388479bf9e5ba4889e46b0273c3","0x209c4784ab1e8183cf58ca33cb740efbf3fc18ef","68","4449.362971609458"
"0x236f9f97e0e62388479bf9e5ba4889e46b0273c3","0x243bec9256c9a3469da22103891465b47583d9f1","2","252.02293395996094"
"0x236f9f97e0e62388479bf9e5ba4889e46b0273c3","0x2b5634c42055806a59e9107ed44d43c426e58258","2","15.60200023651123"
"0x236f9f97e0e62388479bf9e5ba4889e46b0273c3","0x3613ef1125a078ef96ffc898c4ec28d73c5b8c52","1","5.941999912261963"
"0x236f9f97e0e62388479bf9e5ba4889e46b0273c3","0x390de26d772d2e2005c6d1d24afc902bae37a4bb","1","3.627000093460083"
"0x236f9f97e0e62388479bf9e5ba4889e46b0273c3","0x3f5ce5fbfe3e9af3971dd833d26ba9b5c936f0be","50","5648.825850486755"
"0x236f9f97e0e62388479bf9e5ba4889e46b0273c3","0x4b01721f0244e7c5b5f63c20942850e447f5a5ee","2","8.984000205993652"
"0x236f9f97e0e62388479bf9e5ba4889e46b0273c3","0x5baeac0a0417a05733884852aa068b706967e790","1","6.011000156402588"
"0x236f9f97e0e62388479bf9e5ba4889e46b0273c3","0x6fc82a5fe25a5cdb58bc74600a40a69c065263f8","1","104.85099792480469"
"0x236f9f97e0e62388479bf9e5ba4889e46b0273c3","0x7727e5113d1d161373623e5f49fd568b4f543a9e","494","22139.305983269587"
"0x236f9f97e0e62388479bf9e5ba4889e46b0273c3","0x8271b2e8cbe29396e9563229030c89679b9470db","25","571.9571210071445"
"0x236f9f97e0e62388479bf9e5ba4889e46b0273c3","0xe94b04a0fed112f3664e45adb2b8915693dd5ff3","30","2114.345289438963"
"0x236f9f97e0e62388479bf9e5ba4889e46b0273c3","0xf5bec430576ff1b82e44ddb5a1c93f6f9d0884f3","4","51.924000807106495"
"0x236f9f97e0e62388479bf9e5ba4889e46b0273c3","0xfa52274dd61e1643d2205169732f29114bc240b3","23","457.0780212879181"
"0x243bec9256c9a3469da22103891465b47583d9f1","0x0d6b5a54f940bf3d52e438cab785981aaefdf40c","4","2.032787635922432"
"0x243bec9256c9a3469da22103891465b47583d9f1","0x1522900b6dafac587d499a862861c0869be6e428","41","472.7756694983691"
"0x243bec9256c9a3469da22103891465b47583d9f1","0x209c4784ab1e8183cf58ca33cb740efbf3fc18ef","95","879.5921658575535"
"0x243bec9256c9a3469da22103891465b47583d9f1","0x236f9f97e0e62388479bf9e5ba4889e46b0273c3","7","206.03574407100677"
"0x243bec9256c9a3469da22103891465b47583d9f1","0x2b5634c42055806a59e9107ed44d43c426e58258","5","21.00653350353241"
"0x243bec9256c9a3469da22103891465b47583d9f1","0x3613ef1125a078ef96ffc898c4ec28d73c5b8c52","1","0.5605141520500183"
"0x243bec9256c9a3469da22103891465b47583d9f1","0x390de26d772d2e2005c6d1d24afc902bae37a4bb","8","133.24259004741907"
"0x243bec9256c9a3469da22103891465b47583d9f1","0x3f5ce5fbfe3e9af3971dd833d26ba9b5c936f0be","4","181.63447952270508"
"0x243bec9256c9a3469da22103891465b47583d9f1","0x4b01721f0244e7c5b5f63c20942850e447f5a5ee","84","186.0233113244176"
"0x243bec9256c9a3469da22103891465b47583d9f1","0x5baeac0a0417a05733884852aa068b706967e790","1","2.074397087097168"
"0x243bec9256c9a3469da22103891465b47583d9f1","0x6fc82a5fe25a5cdb58bc74600a40a69c065263f8","10","68.85905593633652"
"0x243bec9256c9a3469da22103891465b47583d9f1","0x70faa28a6b8d6829a4b1e649d26ec9a2a39ba413","2","2.719119081273675"
"0x243bec9256c9a3469da22103891465b47583d9f1","0x7727e5113d1d161373623e5f49fd568b4f543a9e","175","1724.166526220739"
"0x243bec9256c9a3469da22103891465b47583d9f1","0x8271b2e8cbe29396e9563229030c89679b9470db","22","49.979380294680595"
"0x243bec9256c9a3469da22103891465b47583d9f1","0x96fc4553a00c117c5b0bed950dd625d1c16dc894","9","9.515351355075836"
"0x243bec9256c9a3469da22103891465b47583d9f1","0xe94b04a0fed112f3664e45adb2b8915693dd5ff3","126","712.6648474484682"
"0x243bec9256c9a3469da22103891465b47583d9f1","0xf5bec430576ff1b82e44ddb5a1c93f6f9d0884f3","121","1507.631610289216"
"0x243bec9256c9a3469da22103891465b47583d9f1","0xfa52274dd61e1643d2205169732f29114bc240b3","80","187.59445679094642"
"0x267be1c1d684f78cb4f6a176c4911b741e4ffdc0","0x0d6b5a54f940bf3d52e438cab785981aaefdf40c","102","251.8314676322043"
"0x267be1c1d684f78cb4f6a176c4911b741e4ffdc0","0x1522900b6dafac587d499a862861c0869be6e428","1664","111697.15146782994"
"0x267be1c1d684f78cb4f6a176c4911b741e4ffdc0","0x209c4784ab1e8183cf58ca33cb740efbf3fc18ef","925","50460.94532635994"
"0x267be1c1d684f78cb4f6a176c4911b741e4ffdc0","0x236f9f97e0e62388479bf9e5ba4889e46b0273c3","35","748.1940784454346"
"0x267be1c1d684f78cb4f6a176c4911b741e4ffdc0","0x243bec9256c9a3469da22103891465b47583d9f1","56","217.9134639473632"
"0x267be1c1d684f78cb4f6a176c4911b741e4ffdc0","0x2b5634c42055806a59e9107ed44d43c426e58258","21","167.2043479681015"
"0x267be1c1d684f78cb4f6a176c4911b741e4ffdc0","0x3613ef1125a078ef96ffc898c4ec28d73c5b8c52","10","15.637589871883392"
"0x267be1c1d684f78cb4f6a176c4911b741e4ffdc0","0x390de26d772d2e2005c6d1d24afc902bae37a4bb","17","540.429187297821"
"0x267be1c1d684f78cb4f6a176c4911b741e4ffdc0","0x3f5ce5fbfe3e9af3971dd833d26ba9b5c936f0be","48","2532.6013507843018"
"0x267be1c1d684f78cb4f6a176c4911b741e4ffdc0","0x4b01721f0244e7c5b5f63c20942850e447f5a5ee","141","526.0525911469012"
"0x267be1c1d684f78cb4f6a176c4911b741e4ffdc0","0x5baeac0a0417a05733884852aa068b706967e790","1","0.8150799870491028"
"0x267be1c1d684f78cb4f6a176c4911b741e4ffdc0","0x6fc82a5fe25a5cdb58bc74600a40a69c065263f8","332","42567.4480107557"
"0x267be1c1d684f78cb4f6a176c4911b741e4ffdc0","0x70faa28a6b8d6829a4b1e649d26ec9a2a39ba413","308","558.0909583698958"
"0x267be1c1d684f78cb4f6a176c4911b741e4ffdc0","0x7727e5113d1d161373623e5f49fd568b4f543a9e","6592","153825.67610926833"
"0x267be1c1d684f78cb4f6a176c4911b741e4ffdc0","0x8271b2e8cbe29396e9563229030c89679b9470db","272","2799.2950579449534"
"0x267be1c1d684f78cb4f6a176c4911b741e4ffdc0","0x96fc4553a00c117c5b0bed950dd625d1c16dc894","161","506.5982438251376"
"0x267be1c1d684f78cb4f6a176c4911b741e4ffdc0","0xb6ba1931e4e74fd080587688f6db10e830f810d5","4","9"
"0x267be1c1d684f78cb4f6a176c4911b741e4ffdc0","0xe94b04a0fed112f3664e45adb2b8915693dd5ff3","1380","33288.56613780931"
"0x267be1c1d684f78cb4f6a176c4911b741e4ffdc0","0xf5bec430576ff1b82e44ddb5a1c93f6f9d0884f3","104","593.2104579284787"
"0x267be1c1d684f78cb4f6a176c4911b741e4ffdc0","0xfa52274dd61e1643d2205169732f29114bc240b3","854","13710.657652040944"
"0x267be1c1d684f78cb4f6a176c4911b741e4ffdc0","0xfb9f7f41319157ac5c5dccae308a63a4337ad5d9","3","52.50951385498047"
"0x2b5634c42055806a59e9107ed44d43c426e58258","0x0d6b5a54f940bf3d52e438cab785981aaefdf40c","31","54.203376142308116"
"0x2b5634c42055806a59e9107ed44d43c426e58258","0x1522900b6dafac587d499a862861c0869be6e428","13","14.528400208801031"
"0x2b5634c42055806a59e9107ed44d43c426e58258","0x209c4784ab1e8183cf58ca33cb740efbf3fc18ef","30","128.72509079053998"
"0x2b5634c42055806a59e9107ed44d43c426e58258","0x236f9f97e0e62388479bf9e5ba4889e46b0273c3","12","74.43576776981354"
"0x2b5634c42055806a59e9107ed44d43c426e58258","0x243bec9256c9a3469da22103891465b47583d9f1","1","0.09950000047683716"
"0x2b5634c42055806a59e9107ed44d43c426e58258","0x3613ef1125a078ef96ffc898c4ec28d73c5b8c52","1","3.004499912261963"
"0x2b5634c42055806a59e9107ed44d43c426e58258","0x390de26d772d2e2005c6d1d24afc902bae37a4bb","15","30.1222706688568"
"0x2b5634c42055806a59e9107ed44d43c426e58258","0x3f5ce5fbfe3e9af3971dd833d26ba9b5c936f0be","6","170.6024932861328"
"0x2b5634c42055806a59e9107ed44d43c426e58258","0x4b01721f0244e7c5b5f63c20942850e447f5a5ee","47","87.75710389018059"
"0x2b5634c42055806a59e9107ed44d43c426e58258","0x5baeac0a0417a05733884852aa068b706967e790","2","3.436668038368225"
"0x2b5634c42055806a59e9107ed44d43c426e58258","0x6fc82a5fe25a5cdb58bc74600a40a69c065263f8","14","126.19678093492985"
"0x2b5634c42055806a59e9107ed44d43c426e58258","0x70faa28a6b8d6829a4b1e649d26ec9a2a39ba413","30","40.80666421446949"
"0x2b5634c42055806a59e9107ed44d43c426e58258","0x7727e5113d1d161373623e5f49fd568b4f543a9e","157","708.9366718139499"
"0x2b5634c42055806a59e9107ed44d43c426e58258","0x8271b2e8cbe29396e9563229030c89679b9470db","61","302.4131500944495"
"0x2b5634c42055806a59e9107ed44d43c426e58258","0x96fc4553a00c117c5b0bed950dd625d1c16dc894","6","7.6718889735639095"
"0x2b5634c42055806a59e9107ed44d43c426e58258","0xe94b04a0fed112f3664e45adb2b8915693dd5ff3","255","1087.6985776536167"
"0x2b5634c42055806a59e9107ed44d43c426e58258","0xf5bec430576ff1b82e44ddb5a1c93f6f9d0884f3","38","45.48408001847565"
"0x2b5634c42055806a59e9107ed44d43c426e58258","0xfa52274dd61e1643d2205169732f29114bc240b3","41","278.3543259128928"
"0x2b5634c42055806a59e9107ed44d43c426e58258","0xfb9f7f41319157ac5c5dccae308a63a4337ad5d9","1","0.7272599935531616"
"0x32be343b94f860124dc4fee278fdcbd38c102d88","0x0d6b5a54f940bf3d52e438cab785981aaefdf40c","22","63.02274050191045"
"0x32be343b94f860124dc4fee278fdcbd38c102d88","0x1522900b6dafac587d499a862861c0869be6e428","643","65776.63416670111"
"0x32be343b94f860124dc4fee278fdcbd38c102d88","0x209c4784ab1e8183cf58ca33cb740efbf3fc18ef","1636","14440.686801608186"
"0x32be343b94f860124dc4fee278fdcbd38c102d88","0x236f9f97e0e62388479bf9e5ba4889e46b0273c3","113","8068.158349275589"
"0x32be343b94f860124dc4fee278fdcbd38c102d88","0x243bec9256c9a3469da22103891465b47583d9f1","59","748.4883075887337"
"0x32be343b94f860124dc4fee278fdcbd38c102d88","0x2b5634c42055806a59e9107ed44d43c426e58258","28","212.47536528110504"
"0x32be343b94f860124dc4fee278fdcbd38c102d88","0x3613ef1125a078ef96ffc898c4ec28d73c5b8c52","16","25.70963689684868"
"0x32be343b94f860124dc4fee278fdcbd38c102d88","0x390de26d772d2e2005c6d1d24afc902bae37a4bb","315","3905.095330003416"
"0x32be343b94f860124dc4fee278fdcbd38c102d88","0x3f5ce5fbfe3e9af3971dd833d26ba9b5c936f0be","36","2397.6391773223877"
"0x32be343b94f860124dc4fee278fdcbd38c102d88","0x4b01721f0244e7c5b5f63c20942850e447f5a5ee","322","1504.5030604079366"
"0x32be343b94f860124dc4fee278fdcbd38c102d88","0x5baeac0a0417a05733884852aa068b706967e790","3","4.4880993366241455"
"0x32be343b94f860124dc4fee278fdcbd38c102d88","0x6fc82a5fe25a5cdb58bc74600a40a69c065263f8","360","35284.698435591534"
"0x32be343b94f860124dc4fee278fdcbd38c102d88","0x70faa28a6b8d6829a4b1e649d26ec9a2a39ba413","174","399.5950504045468"
"0x32be343b94f860124dc4fee278fdcbd38c102d88","0x7727e5113d1d161373623e5f49fd568b4f543a9e","2160","159055.56626535393"
"0x32be343b94f860124dc4fee278fdcbd38c102d88","0x8271b2e8cbe29396e9563229030c89679b9470db","173","1880.2693244069815"
"0x32be343b94f860124dc4fee278fdcbd38c102d88","0x96fc4553a00c117c5b0bed950dd625d1c16dc894","114","313.79353961674497"
"0x32be343b94f860124dc4fee278fdcbd38c102d88","0xb6ba1931e4e74fd080587688f6db10e830f810d5","1","0.05000000074505806"
"0x32be343b94f860124dc4fee278fdcbd38c102d88","0xd7c866d0d536937bf9123e02f7c052446588189f","1","1.8799999952316284"
"0x32be343b94f860124dc4fee278fdcbd38c102d88","0xe94b04a0fed112f3664e45adb2b8915693dd5ff3","1129","95315.03248366341"
"0x32be343b94f860124dc4fee278fdcbd38c102d88","0xf5bec430576ff1b82e44ddb5a1c93f6f9d0884f3","639","1565.8204676546156"
"0x32be343b94f860124dc4fee278fdcbd38c102d88","0xfa52274dd61e1643d2205169732f29114bc240b3","843","19689.48116488196"
"0x32be343b94f860124dc4fee278fdcbd38c102d88","0xfb9f7f41319157ac5c5dccae308a63a4337ad5d9","3","94.11286975443363"
"0x3613ef1125a078ef96ffc898c4ec28d73c5b8c52","0x0d6b5a54f940bf3d52e438cab785981aaefdf40c","1","0.7652610540390015"
"0x3613ef1125a078ef96ffc898c4ec28d73c5b8c52","0x1522900b6dafac587d499a862861c0869be6e428","4","6.154816053807735"
"0x3613ef1125a078ef96ffc898c4ec28d73c5b8c52","0x209c4784ab1e8183cf58ca33cb740efbf3fc18ef","14","32.43942727148533"
"0x3613ef1125a078ef96ffc898c4ec28d73c5b8c52","0x243bec9256c9a3469da22103891465b47583d9f1","1","1.341025948524475"
"0x3613ef1125a078ef96ffc898c4ec28d73c5b8c52","0x390de26d772d2e2005c6d1d24afc902bae37a4bb","1","1.5794609785079956"
"0x3613ef1125a078ef96ffc898c4ec28d73c5b8c52","0x4b01721f0244e7c5b5f63c20942850e447f5a5ee","7","9.416030555963516"
"0x3613ef1125a078ef96ffc898c4ec28d73c5b8c52","0x6fc82a5fe25a5cdb58bc74600a40a69c065263f8","1","0.4673794209957123"
"0x3613ef1125a078ef96ffc898c4ec28d73c5b8c52","0x70faa28a6b8d6829a4b1e649d26ec9a2a39ba413","2","0.14663151651620865"
"0x3613ef1125a078ef96ffc898c4ec28d73c5b8c52","0x7727e5113d1d161373623e5f49fd568b4f543a9e","10","11.621666193008423"
"0x3613ef1125a078ef96ffc898c4ec28d73c5b8c52","0x8271b2e8cbe29396e9563229030c89679b9470db","5","10.519245356321335"
"0x3613ef1125a078ef96ffc898c4ec28d73c5b8c52","0x96fc4553a00c117c5b0bed950dd625d1c16dc894","1","0.10199999809265137"
"0x3613ef1125a078ef96ffc898c4ec28d73c5b8c52","0xe94b04a0fed112f3664e45adb2b8915693dd5ff3","11","80.94208670407534"
"0x3613ef1125a078ef96ffc898c4ec28d73c5b8c52","0xf5bec430576ff1b82e44ddb5a1c93f6f9d0884f3","8","7.299990803003311"
"0x3613ef1125a078ef96ffc898c4ec28d73c5b8c52","0xfa52274dd61e1643d2205169732f29114bc240b3","3","3.270128697156906"
"0x390de26d772d2e2005c6d1d24afc902bae37a4bb","0x0d6b5a54f940bf3d52e438cab785981aaefdf40c","13","37.84987364709377"
"0x390de26d772d2e2005c6d1d24afc902bae37a4bb","0x1522900b6dafac587d499a862861c0869be6e428","1","44.92026138305664"
"0x390de26d772d2e2005c6d1d24afc902bae37a4bb","0x209c4784ab1e8183cf58ca33cb740efbf3fc18ef","19","603.9950984716415"
"0x390de26d772d2e2005c6d1d24afc902bae37a4bb","0x236f9f97e0e62388479bf9e5ba4889e46b0273c3","7","28.393428564071655"
"0x390de26d772d2e2005c6d1d24afc902bae37a4bb","0x243bec9256c9a3469da22103891465b47583d9f1","2","94.54938888549805"
"0x390de26d772d2e2005c6d1d24afc902bae37a4bb","0x2b5634c42055806a59e9107ed44d43c426e58258","2","6.049999952316284"
"0x390de26d772d2e2005c6d1d24afc902bae37a4bb","0x3613ef1125a078ef96ffc898c4ec28d73c5b8c52","2","4.17361056804657"
"0x390de26d772d2e2005c6d1d24afc902bae37a4bb","0x3f5ce5fbfe3e9af3971dd833d26ba9b5c936f0be","5","483.02581214904785"
"0x390de26d772d2e2005c6d1d24afc902bae37a4bb","0x4b01721f0244e7c5b5f63c20942850e447f5a5ee","24","155.56857074797153"
"0x390de26d772d2e2005c6d1d24afc902bae37a4bb","0x6fc82a5fe25a5cdb58bc74600a40a69c065263f8","1","7.299007892608643"
"0x390de26d772d2e2005c6d1d24afc902bae37a4bb","0x70faa28a6b8d6829a4b1e649d26ec9a2a39ba413","5","5.413590133190155"
"0x390de26d772d2e2005c6d1d24afc902bae37a4bb","0x7727e5113d1d161373623e5f49fd568b4f543a9e","187","1780.7142129689455"
"0x390de26d772d2e2005c6d1d24afc902bae37a4bb","0x8271b2e8cbe29396e9563229030c89679b9470db","15","123.94296424090862"
"0x390de26d772d2e2005c6d1d24afc902bae37a4bb","0x96fc4553a00c117c5b0bed950dd625d1c16dc894","1","0.10000000149011612"
"0x390de26d772d2e2005c6d1d24afc902bae37a4bb","0xe94b04a0fed112f3664e45adb2b8915693dd5ff3","89","2341.7638237029314"
"0x390de26d772d2e2005c6d1d24afc902bae37a4bb","0xf5bec430576ff1b82e44ddb5a1c93f6f9d0884f3","8","46.59640830755234"
"0x390de26d772d2e2005c6d1d24afc902bae37a4bb","0xfa52274dd61e1643d2205169732f29114bc240b3","7","320.6205602250993"
"0x3b0bc51ab9de1e5b7b6e34e5b960285805c41736","0x0d6b5a54f940bf3d52e438cab785981aaefdf40c","1","0.14173443615436554"
"0x3b0bc51ab9de1e5b7b6e34e5b960285805c41736","0x1522900b6dafac587d499a862861c0869be6e428","10","35.701214358210564"
"0x3b0bc51ab9de1e5b7b6e34e5b960285805c41736","0x209c4784ab1e8183cf58ca33cb740efbf3fc18ef","6","15.254658894613385"
"0x3b0bc51ab9de1e5b7b6e34e5b960285805c41736","0x236f9f97e0e62388479bf9e5ba4889e46b0273c3","1","15.600019454956055"
"0x3b0bc51ab9de1e5b7b6e34e5b960285805c41736","0x4b01721f0244e7c5b5f63c20942850e447f5a5ee","7","2.9163013976067305"
"0x3b0bc51ab9de1e5b7b6e34e5b960285805c41736","0x6fc82a5fe25a5cdb58bc74600a40a69c065263f8","41","108.16074097156525"
"0x3b0bc51ab9de1e5b7b6e34e5b960285805c41736","0x70faa28a6b8d6829a4b1e649d26ec9a2a39ba413","1644","3759.5845732308226"
"0x3b0bc51ab9de1e5b7b6e34e5b960285805c41736","0x7727e5113d1d161373623e5f49fd568b4f543a9e","37","59.70400957390666"
"0x3b0bc51ab9de1e5b7b6e34e5b960285805c41736","0x8271b2e8cbe29396e9563229030c89679b9470db","4","18.91996729373932"
"0x3b0bc51ab9de1e5b7b6e34e5b960285805c41736","0x96fc4553a00c117c5b0bed950dd625d1c16dc894","39","83.3841429464519"
"0x3b0bc51ab9de1e5b7b6e34e5b960285805c41736","0xd7c866d0d536937bf9123e02f7c052446588189f","1","0.40773868560791016"
"0x3b0bc51ab9de1e5b7b6e34e5b960285805c41736","0xe94b04a0fed112f3664e45adb2b8915693dd5ff3","5","9.415834993124008"
"0x3b0bc51ab9de1e5b7b6e34e5b960285805c41736","0xf5bec430576ff1b82e44ddb5a1c93f6f9d0884f3","7","8.749682873487473"
"0x3b0bc51ab9de1e5b7b6e34e5b960285805c41736","0xfa52274dd61e1643d2205169732f29114bc240b3","34","105.24119057878852"
"0x3b0bc51ab9de1e5b7b6e34e5b960285805c41736","0xfb9f7f41319157ac5c5dccae308a63a4337ad5d9","5","11.14352267421782"
"0x3f5ce5fbfe3e9af3971dd833d26ba9b5c936f0be","0x0d6b5a54f940bf3d52e438cab785981aaefdf40c","228","861.2005405239761"
"0x3f5ce5fbfe3e9af3971dd833d26ba9b5c936f0be","0x1522900b6dafac587d499a862861c0869be6e428","291","7703.336739224382"
"0x3f5ce5fbfe3e9af3971dd833d26ba9b5c936f0be","0x209c4784ab1e8183cf58ca33cb740efbf3fc18ef","446","6346.867818005383"
"0x3f5ce5fbfe3e9af3971dd833d26ba9b5c936f0be","0x236f9f97e0e62388479bf9e5ba4889e46b0273c3","757","18975.122178673744"
"0x3f5ce5fbfe3e9af3971dd833d26ba9b5c936f0be","0x243bec9256c9a3469da22103891465b47583d9f1","30","317.0831423997879"
"0x3f5ce5fbfe3e9af3971dd833d26ba9b5c936f0be","0x2b5634c42055806a59e9107ed44d43c426e58258","229","1479.5277955830097"
"0x3f5ce5fbfe3e9af3971dd833d26ba9b5c936f0be","0x3613ef1125a078ef96ffc898c4ec28d73c5b8c52","16","43.87891258299351"
"0x3f5ce5fbfe3e9af3971dd833d26ba9b5c936f0be","0x390de26d772d2e2005c6d1d24afc902bae37a4bb","291","2603.2152012079023"
"0x3f5ce5fbfe3e9af3971dd833d26ba9b5c936f0be","0x4b01721f0244e7c5b5f63c20942850e447f5a5ee","398","3160.1324531836435"
"0x3f5ce5fbfe3e9af3971dd833d26ba9b5c936f0be","0x5baeac0a0417a05733884852aa068b706967e790","4","4.812005639076233"
"0x3f5ce5fbfe3e9af3971dd833d26ba9b5c936f0be","0x6fc82a5fe25a5cdb58bc74600a40a69c065263f8","426","6542.8163772039115"
"0x3f5ce5fbfe3e9af3971dd833d26ba9b5c936f0be","0x70faa28a6b8d6829a4b1e649d26ec9a2a39ba413","237","362.55231426050887"
"0x3f5ce5fbfe3e9af3971dd833d26ba9b5c936f0be","0x7727e5113d1d161373623e5f49fd568b4f543a9e","2674","48628.4857998658"
"0x3f5ce5fbfe3e9af3971dd833d26ba9b5c936f0be","0x8271b2e8cbe29396e9563229030c89679b9470db","1096","10081.651382274926"
"0x3f5ce5fbfe3e9af3971dd833d26ba9b5c936f0be","0x96fc4553a00c117c5b0bed950dd625d1c16dc894","96","381.939451796934"
"0x3f5ce5fbfe3e9af3971dd833d26ba9b5c936f0be","0xb6ba1931e4e74fd080587688f6db10e830f810d5","2","1.2528895623981953"
"0x3f5ce5fbfe3e9af3971dd833d26ba9b5c936f0be","0xd7c866d0d536937bf9123e02f7c052446588189f","2","3.2228602170944214"
"0x3f5ce5fbfe3e9af3971dd833d26ba9b5c936f0be","0xe94b04a0fed112f3664e45adb2b8915693dd5ff3","2045","28705.06618573703"
"0x3f5ce5fbfe3e9af3971dd833d26ba9b5c936f0be","0xf5bec430576ff1b82e44ddb5a1c93f6f9d0884f3","144","899.8329425863922"
"0x3f5ce5fbfe3e9af3971dd833d26ba9b5c936f0be","0xfa52274dd61e1643d2205169732f29114bc240b3","757","10880.251408393495"
"0x3f5ce5fbfe3e9af3971dd833d26ba9b5c936f0be","0xfb9f7f41319157ac5c5dccae308a63a4337ad5d9","6","9.668226510286331"
"0x4b01721f0244e7c5b5f63c20942850e447f5a5ee","0x0d6b5a54f940bf3d52e438cab785981aaefdf40c","20","22.225720949470997"
"0x4b01721f0244e7c5b5f63c20942850e447f5a5ee","0x1522900b6dafac587d499a862861c0869be6e428","15","32.45909562706947"
"0x4b01721f0244e7c5b5f63c20942850e447f5a5ee","0x209c4784ab1e8183cf58ca33cb740efbf3fc18ef","119","591.3621130473912"
"0x4b01721f0244e7c5b5f63c20942850e447f5a5ee","0x243bec9256c9a3469da22103891465b47583d9f1","17","21.456989366561174"
"0x4b01721f0244e7c5b5f63c20942850e447f5a5ee","0x2b5634c42055806a59e9107ed44d43c426e58258","1","3.728545904159546"
"0x4b01721f0244e7c5b5f63c20942850e447f5a5ee","0x3613ef1125a078ef96ffc898c4ec28d73c5b8c52","3","3.5090500712394714"
"0x4b01721f0244e7c5b5f63c20942850e447f5a5ee","0x390de26d772d2e2005c6d1d24afc902bae37a4bb","26","83.13293197005987"
"0x4b01721f0244e7c5b5f63c20942850e447f5a5ee","0x3f5ce5fbfe3e9af3971dd833d26ba9b5c936f0be","8","250.09353733062744"
"0x4b01721f0244e7c5b5f63c20942850e447f5a5ee","0x6fc82a5fe25a5cdb58bc74600a40a69c065263f8","11","127.95170955359936"
"0x4b01721f0244e7c5b5f63c20942850e447f5a5ee","0x70faa28a6b8d6829a4b1e649d26ec9a2a39ba413","12","19.583291925489902"
"0x4b01721f0244e7c5b5f63c20942850e447f5a5ee","0x7727e5113d1d161373623e5f49fd568b4f543a9e","123","734.7713321428746"
"0x4b01721f0244e7c5b5f63c20942850e447f5a5ee","0x8271b2e8cbe29396e9563229030c89679b9470db","15","24.485917948186398"
"0x4b01721f0244e7c5b5f63c20942850e447f5a5ee","0x96fc4553a00c117c5b0bed950dd625d1c16dc894","50","67.08016994595528"
"0x4b01721f0244e7c5b5f63c20942850e447f5a5ee","0xb6ba1931e4e74fd080587688f6db10e830f810d5","1","0.03973707929253578"
"0x4b01721f0244e7c5b5f63c20942850e447f5a5ee","0xe94b04a0fed112f3664e45adb2b8915693dd5ff3","239","741.7394115924835"
"0x4b01721f0244e7c5b5f63c20942850e447f5a5ee","0xf5bec430576ff1b82e44ddb5a1c93f6f9d0884f3","149","288.94147927314043"
"0x4b01721f0244e7c5b5f63c20942850e447f5a5ee","0xfa52274dd61e1643d2205169732f29114bc240b3","41","140.3910192400217"
"0x563b377a956c80d77a7c613a9343699ad6123911","0x0d6b5a54f940bf3d52e438cab785981aaefdf40c","1","1.4868289232254028"
"0x563b377a956c80d77a7c613a9343699ad6123911","0x1522900b6dafac587d499a862861c0869be6e428","9","28.68554854206741"
"0x563b377a956c80d77a7c613a9343699ad6123911","0x209c4784ab1e8183cf58ca33cb740efbf3fc18ef","5","5.1937953140586615"
"0x563b377a956c80d77a7c613a9343699ad6123911","0x236f9f97e0e62388479bf9e5ba4889e46b0273c3","1","14.495072364807129"
"0x563b377a956c80d77a7c613a9343699ad6123911","0x243bec9256c9a3469da22103891465b47583d9f1","2","0.08690855652093887"
"0x563b377a956c80d77a7c613a9343699ad6123911","0x2b5634c42055806a59e9107ed44d43c426e58258","1","3.453158140182495"
"0x563b377a956c80d77a7c613a9343699ad6123911","0x390de26d772d2e2005c6d1d24afc902bae37a4bb","4","1.3571751862764359"
"0x563b377a956c80d77a7c613a9343699ad6123911","0x4b01721f0244e7c5b5f63c20942850e447f5a5ee","1","3.635890245437622"
"0x563b377a956c80d77a7c613a9343699ad6123911","0x6fc82a5fe25a5cdb58bc74600a40a69c065263f8","25","118.07389685884118"
"0x563b377a956c80d77a7c613a9343699ad6123911","0x7727e5113d1d161373623e5f49fd568b4f543a9e","24","46.098785758018494"
"0x563b377a956c80d77a7c613a9343699ad6123911","0x8271b2e8cbe29396e9563229030c89679b9470db","5","15.877527296543121"
"0x563b377a956c80d77a7c613a9343699ad6123911","0xb6ba1931e4e74fd080587688f6db10e830f810d5","2","5.8847843408584595"
"0x563b377a956c80d77a7c613a9343699ad6123911","0xe94b04a0fed112f3664e45adb2b8915693dd5ff3","10","36.8796004652977"
"0x563b377a956c80d77a7c613a9343699ad6123911","0xf5bec430576ff1b82e44ddb5a1c93f6f9d0884f3","1","0.15853625535964966"
"0x563b377a956c80d77a7c613a9343699ad6123911","0xfa52274dd61e1643d2205169732f29114bc240b3","21","53.068915735930204"
"0x5baeac0a0417a05733884852aa068b706967e790","0x0d6b5a54f940bf3d52e438cab785981aaefdf40c","16","19.123995183967054"
"0x5baeac0a0417a05733884852aa068b706967e790","0x1522900b6dafac587d499a862861c0869be6e428","42","1634.3841739855707"
"0x5baeac0a0417a05733884852aa068b706967e790","0x209c4784ab1e8183cf58ca33cb740efbf3fc18ef","186","854.7850946038961"
"0x5baeac0a0417a05733884852aa068b706967e790","0x236f9f97e0e62388479bf9e5ba4889e46b0273c3","4","14.675024509429932"
"0x5baeac0a0417a05733884852aa068b706967e790","0x243bec9256c9a3469da22103891465b47583d9f1","50","127.6010261727497"
"0x5baeac0a0417a05733884852aa068b706967e790","0x2b5634c42055806a59e9107ed44d43c426e58258","18","90.45053720474243"
"0x5baeac0a0417a05733884852aa068b706967e790","0x3613ef1125a078ef96ffc898c4ec28d73c5b8c52","7","9.135526299476624"
"0x5baeac0a0417a05733884852aa068b706967e790","0x390de26d772d2e2005c6d1d24afc902bae37a4bb","16","83.68991811946034"
"0x5baeac0a0417a05733884852aa068b706967e790","0x3f5ce5fbfe3e9af3971dd833d26ba9b5c936f0be","4","328.189640045166"
"0x5baeac0a0417a05733884852aa068b706967e790","0x4b01721f0244e7c5b5f63c20942850e447f5a5ee","272","638.6649783756584"
"0x5baeac0a0417a05733884852aa068b706967e790","0x6fc82a5fe25a5cdb58bc74600a40a69c065263f8","27","83.78244887292385"
"0x5baeac0a0417a05733884852aa068b706967e790","0x70faa28a6b8d6829a4b1e649d26ec9a2a39ba413","117","99.60359394364059"
"0x5baeac0a0417a05733884852aa068b706967e790","0x7727e5113d1d161373623e5f49fd568b4f543a9e","313","2287.2130632661283"
"0x5baeac0a0417a05733884852aa068b706967e790","0x8271b2e8cbe29396e9563229030c89679b9470db","44","251.05158892273903"
"0x5baeac0a0417a05733884852aa068b706967e790","0x96fc4553a00c117c5b0bed950dd625d1c16dc894","40","30.01836440898478"
"0x5baeac0a0417a05733884852aa068b706967e790","0xd7c866d0d536937bf9123e02f7c052446588189f","5","8.997998654842377"
"0x5baeac0a0417a05733884852aa068b706967e790","0xe94b04a0fed112f3664e45adb2b8915693dd5ff3","403","1568.8782434687018"
"0x5baeac0a0417a05733884852aa068b706967e790","0xf5bec430576ff1b82e44ddb5a1c93f6f9d0884f3","198","227.13112377934158"
"0x5baeac0a0417a05733884852aa068b706967e790","0xfa52274dd61e1643d2205169732f29114bc240b3","145","211.19258182495832"
"0x5baeac0a0417a05733884852aa068b706967e790","0xfb9f7f41319157ac5c5dccae308a63a4337ad5d9","2","3.332450032234192"
"0x70faa28a6b8d6829a4b1e649d26ec9a2a39ba413","0x209c4784ab1e8183cf58ca33cb740efbf3fc18ef","254","37897"
"0x70faa28a6b8d6829a4b1e649d26ec9a2a39ba413","0x7727e5113d1d161373623e5f49fd568b4f543a9e","280","87075"
"0x70faa28a6b8d6829a4b1e649d26ec9a2a39ba413","0xe94b04a0fed112f3664e45adb2b8915693dd5ff3","207","21703"
"0x8271b2e8cbe29396e9563229030c89679b9470db","0x0d6b5a54f940bf3d52e438cab785981aaefdf40c","16","52.32307532429695"
"0x8271b2e8cbe29396e9563229030c89679b9470db","0x1522900b6dafac587d499a862861c0869be6e428","36","298.48795376718044"
"0x8271b2e8cbe29396e9563229030c89679b9470db","0x209c4784ab1e8183cf58ca33cb740efbf3fc18ef","131","1711.0367649495602"
"0x8271b2e8cbe29396e9563229030c89679b9470db","0x236f9f97e0e62388479bf9e5ba4889e46b0273c3","18","171.8601816892624"
"0x8271b2e8cbe29396e9563229030c89679b9470db","0x243bec9256c9a3469da22103891465b47583d9f1","6","8.564081639051437"
"0x8271b2e8cbe29396e9563229030c89679b9470db","0x2b5634c42055806a59e9107ed44d43c426e58258","10","18.144967257976532"
"0x8271b2e8cbe29396e9563229030c89679b9470db","0x3613ef1125a078ef96ffc898c4ec28d73c5b8c52","6","7.998558789491653"
"0x8271b2e8cbe29396e9563229030c89679b9470db","0x390de26d772d2e2005c6d1d24afc902bae37a4bb","68","672.4096093773842"
"0x8271b2e8cbe29396e9563229030c89679b9470db","0x3f5ce5fbfe3e9af3971dd833d26ba9b5c936f0be","11","442.0813789367676"
"0x8271b2e8cbe29396e9563229030c89679b9470db","0x4b01721f0244e7c5b5f63c20942850e447f5a5ee","20","63.38780705630779"
"0x8271b2e8cbe29396e9563229030c89679b9470db","0x6fc82a5fe25a5cdb58bc74600a40a69c065263f8","53","569.2947859019041"
"0x8271b2e8cbe29396e9563229030c89679b9470db","0x70faa28a6b8d6829a4b1e649d26ec9a2a39ba413","53","295.5710645625368"
"0x8271b2e8cbe29396e9563229030c89679b9470db","0x7727e5113d1d161373623e5f49fd568b4f543a9e","287","3568.0297248773277"
"0x8271b2e8cbe29396e9563229030c89679b9470db","0x96fc4553a00c117c5b0bed950dd625d1c16dc894","8","41.08166263997555"
"0x8271b2e8cbe29396e9563229030c89679b9470db","0xe94b04a0fed112f3664e45adb2b8915693dd5ff3","451","6250.133614312857"
"0x8271b2e8cbe29396e9563229030c89679b9470db","0xf5bec430576ff1b82e44ddb5a1c93f6f9d0884f3","41","137.62859258241951"
"0x8271b2e8cbe29396e9563229030c89679b9470db","0xfa52274dd61e1643d2205169732f29114bc240b3","170","1226.710374891758"
"0x96fc4553a00c117c5b0bed950dd625d1c16dc894","0x0d6b5a54f940bf3d52e438cab785981aaefdf40c","2","3.2273938357830048"
"0x96fc4553a00c117c5b0bed950dd625d1c16dc894","0x1522900b6dafac587d499a862861c0869be6e428","29","234.36713775247335"
"0x96fc4553a00c117c5b0bed950dd625d1c16dc894","0x209c4784ab1e8183cf58ca33cb740efbf3fc18ef","36","9265.957195539027"
"0x96fc4553a00c117c5b0bed950dd625d1c16dc894","0x243bec9256c9a3469da22103891465b47583d9f1","2","0.43220028281211853"
"0x96fc4553a00c117c5b0bed950dd625d1c16dc894","0x2b5634c42055806a59e9107ed44d43c426e58258","1","13.701946258544922"
"0x96fc4553a00c117c5b0bed950dd625d1c16dc894","0x390de26d772d2e2005c6d1d24afc902bae37a4bb","1","0.15697062015533447"
"0x96fc4553a00c117c5b0bed950dd625d1c16dc894","0x4b01721f0244e7c5b5f63c20942850e447f5a5ee","15","25.04581592977047"
"0x96fc4553a00c117c5b0bed950dd625d1c16dc894","0x6fc82a5fe25a5cdb58bc74600a40a69c065263f8","48","2188.67863099277"
"0x96fc4553a00c117c5b0bed950dd625d1c16dc894","0x70faa28a6b8d6829a4b1e649d26ec9a2a39ba413","168","164.01813436672091"
"0x96fc4553a00c117c5b0bed950dd625d1c16dc894","0x7727e5113d1d161373623e5f49fd568b4f543a9e","100","294.1790925897658"
"0x96fc4553a00c117c5b0bed950dd625d1c16dc894","0x8271b2e8cbe29396e9563229030c89679b9470db","12","13.089412987232208"
"0x96fc4553a00c117c5b0bed950dd625d1c16dc894","0xb6ba1931e4e74fd080587688f6db10e830f810d5","1","0.3276011049747467"
"0x96fc4553a00c117c5b0bed950dd625d1c16dc894","0xe94b04a0fed112f3664e45adb2b8915693dd5ff3","36","6789.3562943302095"
"0x96fc4553a00c117c5b0bed950dd625d1c16dc894","0xf5bec430576ff1b82e44ddb5a1c93f6f9d0884f3","13","101.49980266392231"
"0x96fc4553a00c117c5b0bed950dd625d1c16dc894","0xfa52274dd61e1643d2205169732f29114bc240b3","74","934.6513228714466"
"0xa30d8157911ef23c46c0eb71889efe6a648a41f7","0x209c4784ab1e8183cf58ca33cb740efbf3fc18ef","2","67.93449974060059"
"0xa30d8157911ef23c46c0eb71889efe6a648a41f7","0x236f9f97e0e62388479bf9e5ba4889e46b0273c3","24","1427.109416127205"
"0xa30d8157911ef23c46c0eb71889efe6a648a41f7","0x2b5634c42055806a59e9107ed44d43c426e58258","2","22.725000381469727"
"0xa30d8157911ef23c46c0eb71889efe6a648a41f7","0x390de26d772d2e2005c6d1d24afc902bae37a4bb","1","1.7396999597549438"
"0xa30d8157911ef23c46c0eb71889efe6a648a41f7","0x3f5ce5fbfe3e9af3971dd833d26ba9b5c936f0be","11","456.87369537353516"
"0xa30d8157911ef23c46c0eb71889efe6a648a41f7","0x7727e5113d1d161373623e5f49fd568b4f543a9e","60","6088.691144630313"
"0xa30d8157911ef23c46c0eb71889efe6a648a41f7","0x8271b2e8cbe29396e9563229030c89679b9470db","1","9.984999656677246"
"0xa30d8157911ef23c46c0eb71889efe6a648a41f7","0x96fc4553a00c117c5b0bed950dd625d1c16dc894","1","0.8999999761581421"
"0xa30d8157911ef23c46c0eb71889efe6a648a41f7","0xe94b04a0fed112f3664e45adb2b8915693dd5ff3","4","125.68999862670898"
"0xa30d8157911ef23c46c0eb71889efe6a648a41f7","0xf5bec430576ff1b82e44ddb5a1c93f6f9d0884f3","1","4"
"0xa30d8157911ef23c46c0eb71889efe6a648a41f7","0xfa52274dd61e1643d2205169732f29114bc240b3","1","30"
"0xaeec6f5aca72f3a005af1b3420ab8c8c7009bac8","0x1522900b6dafac587d499a862861c0869be6e428","4","31.533384799957275"
"0xaeec6f5aca72f3a005af1b3420ab8c8c7009bac8","0x209c4784ab1e8183cf58ca33cb740efbf3fc18ef","13","114.16390603780746"
"0xaeec6f5aca72f3a005af1b3420ab8c8c7009bac8","0x236f9f97e0e62388479bf9e5ba4889e46b0273c3","47","433.7880538702011"
"0xaeec6f5aca72f3a005af1b3420ab8c8c7009bac8","0x2b5634c42055806a59e9107ed44d43c426e58258","2","4.0909013748168945"
"0xaeec6f5aca72f3a005af1b3420ab8c8c7009bac8","0x3f5ce5fbfe3e9af3971dd833d26ba9b5c936f0be","28","804.4220676422119"
"0xaeec6f5aca72f3a005af1b3420ab8c8c7009bac8","0x6fc82a5fe25a5cdb58bc74600a40a69c065263f8","6","69.02215212583542"
"0xaeec6f5aca72f3a005af1b3420ab8c8c7009bac8","0x70faa28a6b8d6829a4b1e649d26ec9a2a39ba413","2","7.471270322799683"
"0xaeec6f5aca72f3a005af1b3420ab8c8c7009bac8","0x7727e5113d1d161373623e5f49fd568b4f543a9e","182","1727.2828534841537"
"0xaeec6f5aca72f3a005af1b3420ab8c8c7009bac8","0x8271b2e8cbe29396e9563229030c89679b9470db","41","178.20114834606647"
"0xaeec6f5aca72f3a005af1b3420ab8c8c7009bac8","0x96fc4553a00c117c5b0bed950dd625d1c16dc894","1","0.550000011920929"
"0xaeec6f5aca72f3a005af1b3420ab8c8c7009bac8","0xe94b04a0fed112f3664e45adb2b8915693dd5ff3","45","392.8257467523217"
"0xaeec6f5aca72f3a005af1b3420ab8c8c7009bac8","0xf5bec430576ff1b82e44ddb5a1c93f6f9d0884f3","2","0.14161904901266098"
"0xaeec6f5aca72f3a005af1b3420ab8c8c7009bac8","0xfa52274dd61e1643d2205169732f29114bc240b3","1","1.0089999437332153"
"0xb6ba1931e4e74fd080587688f6db10e830f810d5","0x1522900b6dafac587d499a862861c0869be6e428","1","2.331979990005493"
"0xb6ba1931e4e74fd080587688f6db10e830f810d5","0x4b01721f0244e7c5b5f63c20942850e447f5a5ee","1","0.22075963020324707"
"0xb6ba1931e4e74fd080587688f6db10e830f810d5","0x70faa28a6b8d6829a4b1e649d26ec9a2a39ba413","11","12.612237855792046"
"0xb6ba1931e4e74fd080587688f6db10e830f810d5","0x7727e5113d1d161373623e5f49fd568b4f543a9e","33","22.024014744907618"
"0xb6ba1931e4e74fd080587688f6db10e830f810d5","0x96fc4553a00c117c5b0bed950dd625d1c16dc894","2","0.8378472924232483"
"0xb6ba1931e4e74fd080587688f6db10e830f810d5","0xe94b04a0fed112f3664e45adb2b8915693dd5ff3","3","18.480547189712524"
"0xb6ba1931e4e74fd080587688f6db10e830f810d5","0xf5bec430576ff1b82e44ddb5a1c93f6f9d0884f3","1","0.2725027799606323"
"0xd24400ae8bfebb18ca49be86258a3c749cf46853","0x0d6b5a54f940bf3d52e438cab785981aaefdf40c","20","24.45598423667252"
"0xd24400ae8bfebb18ca49be86258a3c749cf46853","0x1522900b6dafac587d499a862861c0869be6e428","149","24291.556527966633"
"0xd24400ae8bfebb18ca49be86258a3c749cf46853","0x209c4784ab1e8183cf58ca33cb740efbf3fc18ef","407","56261.95428873971"
"0xd24400ae8bfebb18ca49be86258a3c749cf46853","0x236f9f97e0e62388479bf9e5ba4889e46b0273c3","13","3722.8594603538513"
"0xd24400ae8bfebb18ca49be86258a3c749cf46853","0x243bec9256c9a3469da22103891465b47583d9f1","13","15.553847223520279"
"0xd24400ae8bfebb18ca49be86258a3c749cf46853","0x2b5634c42055806a59e9107ed44d43c426e58258","8","20.61522114276886"
"0xd24400ae8bfebb18ca49be86258a3c749cf46853","0x3613ef1125a078ef96ffc898c4ec28d73c5b8c52","1","1"
"0xd24400ae8bfebb18ca49be86258a3c749cf46853","0x390de26d772d2e2005c6d1d24afc902bae37a4bb","5","86.95389046519995"
"0xd24400ae8bfebb18ca49be86258a3c749cf46853","0x3f5ce5fbfe3e9af3971dd833d26ba9b5c936f0be","21","1083.0804662704468"
"0xd24400ae8bfebb18ca49be86258a3c749cf46853","0x4b01721f0244e7c5b5f63c20942850e447f5a5ee","27","121.22180937230587"
"0xd24400ae8bfebb18ca49be86258a3c749cf46853","0x6fc82a5fe25a5cdb58bc74600a40a69c065263f8","139","14161.480078367516"
"0xd24400ae8bfebb18ca49be86258a3c749cf46853","0x70faa28a6b8d6829a4b1e649d26ec9a2a39ba413","322","1386.0103783449158"
"0xd24400ae8bfebb18ca49be86258a3c749cf46853","0x7727e5113d1d161373623e5f49fd568b4f543a9e","471","81208.43413441256"
"0xd24400ae8bfebb18ca49be86258a3c749cf46853","0x8271b2e8cbe29396e9563229030c89679b9470db","60","251.63890770077705"
"0xd24400ae8bfebb18ca49be86258a3c749cf46853","0x96fc4553a00c117c5b0bed950dd625d1c16dc894","128","851.6415296364576"
"0xd24400ae8bfebb18ca49be86258a3c749cf46853","0xb6ba1931e4e74fd080587688f6db10e830f810d5","1","0.05000000074505806"
"0xd24400ae8bfebb18ca49be86258a3c749cf46853","0xe94b04a0fed112f3664e45adb2b8915693dd5ff3","996","43765.10926819593"
"0xd24400ae8bfebb18ca49be86258a3c749cf46853","0xf5bec430576ff1b82e44ddb5a1c93f6f9d0884f3","25","88.96569383889437"
"0xd24400ae8bfebb18ca49be86258a3c749cf46853","0xfa52274dd61e1643d2205169732f29114bc240b3","482","15601.674087495543"
"0xd3273eba07248020bf98a8b560ec1576a612102f","0x1522900b6dafac587d499a862861c0869be6e428","10","43.26291233301163"
"0xd3273eba07248020bf98a8b560ec1576a612102f","0x209c4784ab1e8183cf58ca33cb740efbf3fc18ef","4","8.413889229297638"
"0xd3273eba07248020bf98a8b560ec1576a612102f","0x4b01721f0244e7c5b5f63c20942850e447f5a5ee","4","9.861490428447723"
"0xd3273eba07248020bf98a8b560ec1576a612102f","0x6fc82a5fe25a5cdb58bc74600a40a69c065263f8","29","96.96684666723013"
"0xd3273eba07248020bf98a8b560ec1576a612102f","0x70faa28a6b8d6829a4b1e649d26ec9a2a39ba413","1","0.13349850475788116"
"0xd3273eba07248020bf98a8b560ec1576a612102f","0x7727e5113d1d161373623e5f49fd568b4f543a9e","16","40.34837604686618"
"0xd3273eba07248020bf98a8b560ec1576a612102f","0x8271b2e8cbe29396e9563229030c89679b9470db","9","61.04166558384895"
"0xd3273eba07248020bf98a8b560ec1576a612102f","0xb6ba1931e4e74fd080587688f6db10e830f810d5","1","5.970797061920166"
"0xd3273eba07248020bf98a8b560ec1576a612102f","0xe94b04a0fed112f3664e45adb2b8915693dd5ff3","5","13.178542762994766"
"0xd3273eba07248020bf98a8b560ec1576a612102f","0xfa52274dd61e1643d2205169732f29114bc240b3","11","47.11252062022686"
"0xd7c866d0d536937bf9123e02f7c052446588189f","0x236f9f97e0e62388479bf9e5ba4889e46b0273c3","1","7.215519905090332"
"0xd94c9ff168dc6aebf9b6cc86deff54f3fb0afc33","0x1522900b6dafac587d499a862861c0869be6e428","1","1.8032023906707764"
"0xd94c9ff168dc6aebf9b6cc86deff54f3fb0afc33","0x209c4784ab1e8183cf58ca33cb740efbf3fc18ef","5","19.54681007564068"
"0xd94c9ff168dc6aebf9b6cc86deff54f3fb0afc33","0x236f9f97e0e62388479bf9e5ba4889e46b0273c3","17","404.9132829904556"
"0xd94c9ff168dc6aebf9b6cc86deff54f3fb0afc33","0x3f5ce5fbfe3e9af3971dd833d26ba9b5c936f0be","1","139.9754180908203"
"0xd94c9ff168dc6aebf9b6cc86deff54f3fb0afc33","0x4b01721f0244e7c5b5f63c20942850e447f5a5ee","1","0.9890000224113464"
"0xd94c9ff168dc6aebf9b6cc86deff54f3fb0afc33","0x7727e5113d1d161373623e5f49fd568b4f543a9e","18","1641.9992417171597"
"0xd94c9ff168dc6aebf9b6cc86deff54f3fb0afc33","0x8271b2e8cbe29396e9563229030c89679b9470db","3","14.001845359802246"
"0xd94c9ff168dc6aebf9b6cc86deff54f3fb0afc33","0xe94b04a0fed112f3664e45adb2b8915693dd5ff3","1","40.29676818847656"
"0xd94c9ff168dc6aebf9b6cc86deff54f3fb0afc33","0xfa52274dd61e1643d2205169732f29114bc240b3","3","1.143031720072031"
"0xe03c23519e18d64f144d2800e30e81b0065c48b5","0x0d6b5a54f940bf3d52e438cab785981aaefdf40c","10","11.69940122961998"
"0xe03c23519e18d64f144d2800e30e81b0065c48b5","0x1522900b6dafac587d499a862861c0869be6e428","10","41.90900643542409"
"0xe03c23519e18d64f144d2800e30e81b0065c48b5","0x209c4784ab1e8183cf58ca33cb740efbf3fc18ef","78","110.54784454032779"
"0xe03c23519e18d64f144d2800e30e81b0065c48b5","0x243bec9256c9a3469da22103891465b47583d9f1","4","2.047956446185708"
"0xe03c23519e18d64f144d2800e30e81b0065c48b5","0x2b5634c42055806a59e9107ed44d43c426e58258","2","1.3196874856948853"
"0xe03c23519e18d64f144d2800e30e81b0065c48b5","0x3613ef1125a078ef96ffc898c4ec28d73c5b8c52","1","1.9980000257492065"
"0xe03c23519e18d64f144d2800e30e81b0065c48b5","0x390de26d772d2e2005c6d1d24afc902bae37a4bb","7","55.531054347753525"
"0xe03c23519e18d64f144d2800e30e81b0065c48b5","0x4b01721f0244e7c5b5f63c20942850e447f5a5ee","75","86.99135849718004"
"0xe03c23519e18d64f144d2800e30e81b0065c48b5","0x6fc82a5fe25a5cdb58bc74600a40a69c065263f8","11","52.76174274459481"
"0xe03c23519e18d64f144d2800e30e81b0065c48b5","0x70faa28a6b8d6829a4b1e649d26ec9a2a39ba413","7","5.635286252014339"
"0xe03c23519e18d64f144d2800e30e81b0065c48b5","0x7727e5113d1d161373623e5f49fd568b4f543a9e","62","99.65437426418066"
"0xe03c23519e18d64f144d2800e30e81b0065c48b5","0x8271b2e8cbe29396e9563229030c89679b9470db","19","62.85716403275728"
"0xe03c23519e18d64f144d2800e30e81b0065c48b5","0x96fc4553a00c117c5b0bed950dd625d1c16dc894","2","1.8536832928657532"
"0xe03c23519e18d64f144d2800e30e81b0065c48b5","0xe94b04a0fed112f3664e45adb2b8915693dd5ff3","81","209.92474035918713"
"0xe03c23519e18d64f144d2800e30e81b0065c48b5","0xf5bec430576ff1b82e44ddb5a1c93f6f9d0884f3","60","100.68321731314063"
"0xe03c23519e18d64f144d2800e30e81b0065c48b5","0xfa52274dd61e1643d2205169732f29114bc240b3","25","53.71440339460969"
"0xeed16856d551569d134530ee3967ec79995e2051","0x0d6b5a54f940bf3d52e438cab785981aaefdf40c","1","16.45676040649414"
"0xeed16856d551569d134530ee3967ec79995e2051","0x1522900b6dafac587d499a862861c0869be6e428","15","40.130828582681715"
"0xeed16856d551569d134530ee3967ec79995e2051","0x209c4784ab1e8183cf58ca33cb740efbf3fc18ef","11","14.662397871376015"
"0xeed16856d551569d134530ee3967ec79995e2051","0x236f9f97e0e62388479bf9e5ba4889e46b0273c3","3","46.93115520477295"
"0xeed16856d551569d134530ee3967ec79995e2051","0x243bec9256c9a3469da22103891465b47583d9f1","1","0.6776593327522278"
"0xeed16856d551569d134530ee3967ec79995e2051","0x390de26d772d2e2005c6d1d24afc902bae37a4bb","1","0.1908206343650818"
"0xeed16856d551569d134530ee3967ec79995e2051","0x4b01721f0244e7c5b5f63c20942850e447f5a5ee","1","1.5470350980758667"
"0xeed16856d551569d134530ee3967ec79995e2051","0x6fc82a5fe25a5cdb58bc74600a40a69c065263f8","37","140.87734661996365"
"0xeed16856d551569d134530ee3967ec79995e2051","0x7727e5113d1d161373623e5f49fd568b4f543a9e","11","45.05667781829834"
"0xeed16856d551569d134530ee3967ec79995e2051","0x8271b2e8cbe29396e9563229030c89679b9470db","11","78.4707220941782"
"0xeed16856d551569d134530ee3967ec79995e2051","0x96fc4553a00c117c5b0bed950dd625d1c16dc894","1","0.01794390007853508"
"0xeed16856d551569d134530ee3967ec79995e2051","0xe94b04a0fed112f3664e45adb2b8915693dd5ff3","6","17.967447236180305"
"0xeed16856d551569d134530ee3967ec79995e2051","0xf5bec430576ff1b82e44ddb5a1c93f6f9d0884f3","1","0.09672383964061737"
"0xeed16856d551569d134530ee3967ec79995e2051","0xfa52274dd61e1643d2205169732f29114bc240b3","16","38.45955366641283"
"0xf5bec430576ff1b82e44ddb5a1c93f6f9d0884f3","0x0d6b5a54f940bf3d52e438cab785981aaefdf40c","4","4.648414168506861"
"0xf5bec430576ff1b82e44ddb5a1c93f6f9d0884f3","0x1522900b6dafac587d499a862861c0869be6e428","20","450.17102878168225"
"0xf5bec430576ff1b82e44ddb5a1c93f6f9d0884f3","0x209c4784ab1e8183cf58ca33cb740efbf3fc18ef","309","1895.930878774263"
"0xf5bec430576ff1b82e44ddb5a1c93f6f9d0884f3","0x236f9f97e0e62388479bf9e5ba4889e46b0273c3","5","144.74409770965576"
"0xf5bec430576ff1b82e44ddb5a1c93f6f9d0884f3","0x243bec9256c9a3469da22103891465b47583d9f1","43","121.07830242719501"
"0xf5bec430576ff1b82e44ddb5a1c93f6f9d0884f3","0x2b5634c42055806a59e9107ed44d43c426e58258","5","11.382131934165955"
"0xf5bec430576ff1b82e44ddb5a1c93f6f9d0884f3","0x3613ef1125a078ef96ffc898c4ec28d73c5b8c52","17","23.352055475115776"
"0xf5bec430576ff1b82e44ddb5a1c93f6f9d0884f3","0x390de26d772d2e2005c6d1d24afc902bae37a4bb","9","115.10948008298874"
"0xf5bec430576ff1b82e44ddb5a1c93f6f9d0884f3","0x3f5ce5fbfe3e9af3971dd833d26ba9b5c936f0be","4","512.4087295532227"
"0xf5bec430576ff1b82e44ddb5a1c93f6f9d0884f3","0x4b01721f0244e7c5b5f63c20942850e447f5a5ee","233","609.3971990444697"
"0xf5bec430576ff1b82e44ddb5a1c93f6f9d0884f3","0x5baeac0a0417a05733884852aa068b706967e790","2","1.0887098163366318"
"0xf5bec430576ff1b82e44ddb5a1c93f6f9d0884f3","0x6fc82a5fe25a5cdb58bc74600a40a69c065263f8","5","43.28574728965759"
"0xf5bec430576ff1b82e44ddb5a1c93f6f9d0884f3","0x70faa28a6b8d6829a4b1e649d26ec9a2a39ba413","41","35.36841381248087"
"0xf5bec430576ff1b82e44ddb5a1c93f6f9d0884f3","0x7727e5113d1d161373623e5f49fd568b4f543a9e","463","3374.327733648941"
"0xf5bec430576ff1b82e44ddb5a1c93f6f9d0884f3","0x8271b2e8cbe29396e9563229030c89679b9470db","48","221.1468259319663"
"0xf5bec430576ff1b82e44ddb5a1c93f6f9d0884f3","0x96fc4553a00c117c5b0bed950dd625d1c16dc894","48","280.57231384608895"
"0xf5bec430576ff1b82e44ddb5a1c93f6f9d0884f3","0xe94b04a0fed112f3664e45adb2b8915693dd5ff3","238","2753.8372215144336"
"0xf5bec430576ff1b82e44ddb5a1c93f6f9d0884f3","0xfa52274dd61e1643d2205169732f29114bc240b3","41","494.996883995831"
"0xf73c3c65bde10bf26c2e1763104e609a41702efe","0x236f9f97e0e62388479bf9e5ba4889e46b0273c3","1","5.789999961853027"
"0xf73c3c65bde10bf26c2e1763104e609a41702efe","0x390de26d772d2e2005c6d1d24afc902bae37a4bb","1","0.8310825824737549"
"0xf73c3c65bde10bf26c2e1763104e609a41702efe","0x7727e5113d1d161373623e5f49fd568b4f543a9e","1","1.1239999532699585"
"0xfb9f7f41319157ac5c5dccae308a63a4337ad5d9","0x209c4784ab1e8183cf58ca33cb740efbf3fc18ef","1","2.3522863388061523"
"0xfb9f7f41319157ac5c5dccae308a63a4337ad5d9","0x7727e5113d1d161373623e5f49fd568b4f543a9e","3","9.121351659297943"
"0xfb9f7f41319157ac5c5dccae308a63a4337ad5d9","0xfa52274dd61e1643d2205169732f29114bc240b3","1156","15111.776488799602"
"0xfbb1b73c4f0bda4f67dca266ce6ef42f520fbb98","0x0d6b5a54f940bf3d52e438cab785981aaefdf40c","331","981.5447539743036"
"0xfbb1b73c4f0bda4f67dca266ce6ef42f520fbb98","0x1522900b6dafac587d499a862861c0869be6e428","1135","100159.16871655639"
"0xfbb1b73c4f0bda4f67dca266ce6ef42f520fbb98","0x209c4784ab1e8183cf58ca33cb740efbf3fc18ef","1803","95927.66715770494"
"0xfbb1b73c4f0bda4f67dca266ce6ef42f520fbb98","0x236f9f97e0e62388479bf9e5ba4889e46b0273c3","176","6836.470565199852"
"0xfbb1b73c4f0bda4f67dca266ce6ef42f520fbb98","0x243bec9256c9a3469da22103891465b47583d9f1","154","1326.287796647288"
"0xfbb1b73c4f0bda4f67dca266ce6ef42f520fbb98","0x2b5634c42055806a59e9107ed44d43c426e58258","131","732.1761054992676"
"0xfbb1b73c4f0bda4f67dca266ce6ef42f520fbb98","0x3613ef1125a078ef96ffc898c4ec28d73c5b8c52","75","464.27928422391415"
"0xfbb1b73c4f0bda4f67dca266ce6ef42f520fbb98","0x390de26d772d2e2005c6d1d24afc902bae37a4bb","601","7948.3017424745485"
"0xfbb1b73c4f0bda4f67dca266ce6ef42f520fbb98","0x3f5ce5fbfe3e9af3971dd833d26ba9b5c936f0be","161","12089.335599899292"
"0xfbb1b73c4f0bda4f67dca266ce6ef42f520fbb98","0x4b01721f0244e7c5b5f63c20942850e447f5a5ee","1121","3503.2278720475733"
"0xfbb1b73c4f0bda4f67dca266ce6ef42f520fbb98","0x5baeac0a0417a05733884852aa068b706967e790","8","6.113703571259975"
"0xfbb1b73c4f0bda4f67dca266ce6ef42f520fbb98","0x6fc82a5fe25a5cdb58bc74600a40a69c065263f8","1329","51644.17992498353"
"0xfbb1b73c4f0bda4f67dca266ce6ef42f520fbb98","0x70faa28a6b8d6829a4b1e649d26ec9a2a39ba413","944","1088.6240229504183"
"0xfbb1b73c4f0bda4f67dca266ce6ef42f520fbb98","0x7727e5113d1d161373623e5f49fd568b4f543a9e","5365","227019.50511929858"
"0xfbb1b73c4f0bda4f67dca266ce6ef42f520fbb98","0x8271b2e8cbe29396e9563229030c89679b9470db","731","6025.714428525418"
"0xfbb1b73c4f0bda4f67dca266ce6ef42f520fbb98","0x96fc4553a00c117c5b0bed950dd625d1c16dc894","334","794.4705227576196"
"0xfbb1b73c4f0bda4f67dca266ce6ef42f520fbb98","0xb6ba1931e4e74fd080587688f6db10e830f810d5","4","9.226639099419117"
"0xfbb1b73c4f0bda4f67dca266ce6ef42f520fbb98","0xd7c866d0d536937bf9123e02f7c052446588189f","6","49.12012618780136"
"0xfbb1b73c4f0bda4f67dca266ce6ef42f520fbb98","0xe94b04a0fed112f3664e45adb2b8915693dd5ff3","1025","8111.672607188113"
"0xfbb1b73c4f0bda4f67dca266ce6ef42f520fbb98","0xf5bec430576ff1b82e44ddb5a1c93f6f9d0884f3","1044","2804.5215444583446"
"0xfbb1b73c4f0bda4f67dca266ce6ef42f520fbb98","0xfa52274dd61e1643d2205169732f29114bc240b3","2327","31568.975394759327"
"0xfbb1b73c4f0bda4f67dca266ce6ef42f520fbb98","0xfb9f7f41319157ac5c5dccae308a63a4337ad5d9","18","29.823258988559246"
