source,target,count,amount
0xfbb1b73c4f0bda4f67dca266ce6ef42f520fbb98,0x7727e5113d1d161373623e5f49fd568b4f543a9e,3114,85544.61146
0x267be1c1d684f78cb4f6a176c4911b741e4ffdc0,0x7727e5113d1d161373623e5f49fd568b4f543a9e,2868,83790.33423
0xfb9f7f41319157ac5c5dccae308a63a4337ad5d9,0xfa52274dd61e1643d2205169732f29114bc240b3,1898,12888.34672
0xfbb1b73c4f0bda4f67dca266ce6ef42f520fbb98,0x8271b2e8cbe29396e9563229030c89679b9470db,1809,15466.82502
0x3f5ce5fbfe3e9af3971dd833d26ba9b5c936f0be,0x8271b2e8cbe29396e9563229030c89679b9470db,1611,16730.53139
0x3f5ce5fbfe3e9af3971dd833d26ba9b5c936f0be,0x7727e5113d1d161373623e5f49fd568b4f543a9e,1436,25306.9574
0xfbb1b73c4f0bda4f67dca266ce6ef42f520fbb98,0xfa52274dd61e1643d2205169732f29114bc240b3,1412,38574.78331
0x3f5ce5fbfe3e9af3971dd833d26ba9b5c936f0be,0xe94b04a0fed112f3664e45adb2b8915693dd5ff3,1345,17751.09581
0x32be343b94f860124dc4fee278fdcbd38c102d88,0x7727e5113d1d161373623e5f49fd568b4f543a9e,1309,67637.90819
0x267be1c1d684f78cb4f6a176c4911b741e4ffdc0,0xe94b04a0fed112f3664e45adb2b8915693dd5ff3,1294,38365.50217
0xfbb1b73c4f0bda4f67dca266ce6ef42f520fbb98,0x4b01721f0244e7c5b5f63c20942850e447f5a5ee,1221,3144.84937
0xfbb1b73c4f0bda4f67dca266ce6ef42f520fbb98,0x209c4784ab1e8183cf58ca33cb740efbf3fc18ef,1206,41036.38339
0x32be343b94f860124dc4fee278fdcbd38c102d88,0x209c4784ab1e8183cf58ca33cb740efbf3fc18ef,1203,12460.03866
0x563b377a956c80d77a7c613a9343699ad6123911,0x70faa28a6b8d6829a4b1e649d26ec9a2a39ba413,1184,2827.377423
0xd3273eba07248020bf98a8b560ec1576a612102f,0x70faa28a6b8d6829a4b1e649d26ec9a2a39ba413,1135,2547.36205
0xfbb1b73c4f0bda4f67dca266ce6ef42f520fbb98,0xf5bec430576ff1b82e44ddb5a1c93f6f9d0884f3,1106,5484.920109
0x32be343b94f860124dc4fee278fdcbd38c102d88,0xe94b04a0fed112f3664e45adb2b8915693dd5ff3,1044,69751.89044
0xfbb1b73c4f0bda4f67dca266ce6ef42f520fbb98,0xe94b04a0fed112f3664e45adb2b8915693dd5ff3,942,4305.047892
0xd24400ae8bfebb18ca49be86258a3c749cf46853,0xe94b04a0fed112f3664e45adb2b8915693dd5ff3,812,17765.78312
0x267be1c1d684f78cb4f6a176c4911b741e4ffdc0,0xfa52274dd61e1643d2205169732f29114bc240b3,780,14271.84552
0x1151314c646ce4e0efd76d1af4760ae66a9fe30f,0xe94b04a0fed112f3664e45adb2b8915693dd5ff3,773,91601.12801
0x8271b2e8cbe29396e9563229030c89679b9470db,0xe94b04a0fed112f3664e45adb2b8915693dd5ff3,760,13077.9766
0xfbb1b73c4f0bda4f67dca266ce6ef42f520fbb98,0x0d6b5a54f940bf3d52e438cab785981aaefdf40c,673,5395.654827
0xfbb1b73c4f0bda4f67dca266ce6ef42f520fbb98,0x70faa28a6b8d6829a4b1e649d26ec9a2a39ba413,667,1263.767731
0x1151314c646ce4e0efd76d1af4760ae66a9fe30f,0xfa52274dd61e1643d2205169732f29114bc240b3,661,66071.06162
0x32be343b94f860124dc4fee278fdcbd38c102d88,0xf5bec430576ff1b82e44ddb5a1c93f6f9d0884f3,650,2129.780454
0x32be343b94f860124dc4fee278fdcbd38c102d88,0xfa52274dd61e1643d2205169732f29114bc240b3,643,19443.91612
0x3f5ce5fbfe3e9af3971dd833d26ba9b5c936f0be,0x4b01721f0244e7c5b5f63c20942850e447f5a5ee,561,2908.752515
0x267be1c1d684f78cb4f6a176c4911b741e4ffdc0,0x209c4784ab1e8183cf58ca33cb740efbf3fc18ef,535,47454.33665
0xfbb1b73c4f0bda4f67dca266ce6ef42f520fbb98,0x6fc82a5fe25a5cdb58bc74600a40a69c065263f8,523,27673.41355
0x1151314c646ce4e0efd76d1af4760ae66a9fe30f,0x209c4784ab1e8183cf58ca33cb740efbf3fc18ef,451,71922.40454
0x267be1c1d684f78cb4f6a176c4911b741e4ffdc0,0x8271b2e8cbe29396e9563229030c89679b9470db,451,3868.963831
0xd24400ae8bfebb18ca49be86258a3c749cf46853,0x7727e5113d1d161373623e5f49fd568b4f543a9e,430,53432.2804
0x267be1c1d684f78cb4f6a176c4911b741e4ffdc0,0x1522900b6dafac587d499a862861c0869be6e428,412,34379.32741
0x8271b2e8cbe29396e9563229030c89679b9470db,0x7727e5113d1d161373623e5f49fd568b4f543a9e,394,6656.778239
0xfbb1b73c4f0bda4f67dca266ce6ef42f520fbb98,0x1522900b6dafac587d499a862861c0869be6e428,382,31887.49199
0x1151314c646ce4e0efd76d1af4760ae66a9fe30f,0x8271b2e8cbe29396e9563229030c89679b9470db,351,4938.222719
0x4b01721f0244e7c5b5f63c20942850e447f5a5ee,0xe94b04a0fed112f3664e45adb2b8915693dd5ff3,341,1668.683834
0x32be343b94f860124dc4fee278fdcbd38c102d88,0x1522900b6dafac587d499a862861c0869be6e428,331,33617.8933
0x236f9f97e0e62388479bf9e5ba4889e46b0273c3,0x7727e5113d1d161373623e5f49fd568b4f543a9e,326,16095.15027
0x3f5ce5fbfe3e9af3971dd833d26ba9b5c936f0be,0x0d6b5a54f940bf3d52e438cab785981aaefdf40c,326,2791.357251
0x1522900b6dafac587d499a862861c0869be6e428,0xfa52274dd61e1643d2205169732f29114bc240b3,312,8988.514602
0x70faa28a6b8d6829a4b1e649d26ec9a2a39ba413,0x7727e5113d1d161373623e5f49fd568b4f543a9e,306,81020
0xd24400ae8bfebb18ca49be86258a3c749cf46853,0xfa52274dd61e1643d2205169732f29114bc240b3,303,6057.727318
0x3f5ce5fbfe3e9af3971dd833d26ba9b5c936f0be,0xfa52274dd61e1643d2205169732f29114bc240b3,300,7279.005425
0xf5bec430576ff1b82e44ddb5a1c93f6f9d0884f3,0xe94b04a0fed112f3664e45adb2b8915693dd5ff3,290,4931.721774
0xfbb1b73c4f0bda4f67dca266ce6ef42f520fbb98,0x96fc4553a00c117c5b0bed950dd625d1c16dc894,289,1415.084636
0xf5bec430576ff1b82e44ddb5a1c93f6f9d0884f3,0x7727e5113d1d161373623e5f49fd568b4f543a9e,279,2459.340926
0xf5bec430576ff1b82e44ddb5a1c93f6f9d0884f3,0x209c4784ab1e8183cf58ca33cb740efbf3fc18ef,271,1484.239027
0x267be1c1d684f78cb4f6a176c4911b741e4ffdc0,0x4b01721f0244e7c5b5f63c20942850e447f5a5ee,269,557.1369554
0x32be343b94f860124dc4fee278fdcbd38c102d88,0x8271b2e8cbe29396e9563229030c89679b9470db,258,3007.944436
0x267be1c1d684f78cb4f6a176c4911b741e4ffdc0,0x70faa28a6b8d6829a4b1e649d26ec9a2a39ba413,255,419.832522
0xd24400ae8bfebb18ca49be86258a3c749cf46853,0x209c4784ab1e8183cf58ca33cb740efbf3fc18ef,243,17592.26168
0x32be343b94f860124dc4fee278fdcbd38c102d88,0x4b01721f0244e7c5b5f63c20942850e447f5a5ee,229,785.8282858
0x32be343b94f860124dc4fee278fdcbd38c102d88,0x6fc82a5fe25a5cdb58bc74600a40a69c065263f8,223,38621.15531
0x1151314c646ce4e0efd76d1af4760ae66a9fe30f,0xf5bec430576ff1b82e44ddb5a1c93f6f9d0884f3,204,2034.092397
0x1151314c646ce4e0efd76d1af4760ae66a9fe30f,0x6fc82a5fe25a5cdb58bc74600a40a69c065263f8,203,122972.6499
0x70faa28a6b8d6829a4b1e649d26ec9a2a39ba413,0xe94b04a0fed112f3664e45adb2b8915693dd5ff3,203,25280
0x267be1c1d684f78cb4f6a176c4911b741e4ffdc0,0x6fc82a5fe25a5cdb58bc74600a40a69c065263f8,198,24159.53402
0x1151314c646ce4e0efd76d1af4760ae66a9fe30f,0x1522900b6dafac587d499a862861c0869be6e428,196,54256.95649
0x8271b2e8cbe29396e9563229030c89679b9470db,0xfa52274dd61e1643d2205169732f29114bc240b3,195,1621.538652
0x0d6b5a54f940bf3d52e438cab785981aaefdf40c,0xe94b04a0fed112f3664e45adb2b8915693dd5ff3,189,1596.816062
0x1522900b6dafac587d499a862861c0869be6e428,0xe94b04a0fed112f3664e45adb2b8915693dd5ff3,186,24461.43457
0x70faa28a6b8d6829a4b1e649d26ec9a2a39ba413,0x209c4784ab1e8183cf58ca33cb740efbf3fc18ef,185,25882
0xfbb1b73c4f0bda4f67dca266ce6ef42f520fbb98,0x243bec9256c9a3469da22103891465b47583d9f1,182,464.6040699
0xd24400ae8bfebb18ca49be86258a3c749cf46853,0x70faa28a6b8d6829a4b1e649d26ec9a2a39ba413,177,701.4993784
0xfbb1b73c4f0bda4f67dca266ce6ef42f520fbb98,0x9c67e141c0472115aa1b98bd0088418be68fd249,171,903.017841
0x1151314c646ce4e0efd76d1af4760ae66a9fe30f,0x236f9f97e0e62388479bf9e5ba4889e46b0273c3,165,10528.95278
0x1522900b6dafac587d499a862861c0869be6e428,0x209c4784ab1e8183cf58ca33cb740efbf3fc18ef,165,30804.38737
0xd24400ae8bfebb18ca49be86258a3c749cf46853,0x8271b2e8cbe29396e9563229030c89679b9470db,165,1061.13161
0x1151314c646ce4e0efd76d1af4760ae66a9fe30f,0x4b01721f0244e7c5b5f63c20942850e447f5a5ee,164,498.021489
0x3f5ce5fbfe3e9af3971dd833d26ba9b5c936f0be,0x209c4784ab1e8183cf58ca33cb740efbf3fc18ef,163,1615.612767
0x3f5ce5fbfe3e9af3971dd833d26ba9b5c936f0be,0x236f9f97e0e62388479bf9e5ba4889e46b0273c3,163,8329.009039
0x5baeac0a0417a05733884852aa068b706967e790,0xe94b04a0fed112f3664e45adb2b8915693dd5ff3,162,659.6178073
0x32be343b94f860124dc4fee278fdcbd38c102d88,0x70faa28a6b8d6829a4b1e649d26ec9a2a39ba413,146,328.696146
0x8271b2e8cbe29396e9563229030c89679b9470db,0x209c4784ab1e8183cf58ca33cb740efbf3fc18ef,140,1854.550823
0x267be1c1d684f78cb4f6a176c4911b741e4ffdc0,0x96fc4553a00c117c5b0bed950dd625d1c16dc894,139,381.2895742
0x4b01721f0244e7c5b5f63c20942850e447f5a5ee,0xf5bec430576ff1b82e44ddb5a1c93f6f9d0884f3,138,706.5034699
0x5baeac0a0417a05733884852aa068b706967e790,0xf5bec430576ff1b82e44ddb5a1c93f6f9d0884f3,138,294.3763003
0xf5bec430576ff1b82e44ddb5a1c93f6f9d0884f3,0x4b01721f0244e7c5b5f63c20942850e447f5a5ee,136,432.2619615
0x1151314c646ce4e0efd76d1af4760ae66a9fe30f,0x70faa28a6b8d6829a4b1e649d26ec9a2a39ba413,127,232.0113306
0x3f5ce5fbfe3e9af3971dd833d26ba9b5c936f0be,0x6fc82a5fe25a5cdb58bc74600a40a69c065263f8,127,2442.855276
0x3f5ce5fbfe3e9af3971dd833d26ba9b5c936f0be,0x70faa28a6b8d6829a4b1e649d26ec9a2a39ba413,125,166.535219
0x267be1c1d684f78cb4f6a176c4911b741e4ffdc0,0x243bec9256c9a3469da22103891465b47583d9f1,124,616.2502285
0x4b01721f0244e7c5b5f63c20942850e447f5a5ee,0x7727e5113d1d161373623e5f49fd568b4f543a9e,124,797.7908984
0x3f5ce5fbfe3e9af3971dd833d26ba9b5c936f0be,0x9c67e141c0472115aa1b98bd0088418be68fd249,123,1304.835288
0x2b5634c42055806a59e9107ed44d43c426e58258,0xe94b04a0fed112f3664e45adb2b8915693dd5ff3,118,573.7634178
0x5baeac0a0417a05733884852aa068b706967e790,0x4b01721f0244e7c5b5f63c20942850e447f5a5ee,113,258.9917909
0xfbb1b73c4f0bda4f67dca266ce6ef42f520fbb98,0x236f9f97e0e62388479bf9e5ba4889e46b0273c3,112,2887.238058
0x267be1c1d684f78cb4f6a176c4911b741e4ffdc0,0xf5bec430576ff1b82e44ddb5a1c93f6f9d0884f3,108,1168.308597
0x3f5ce5fbfe3e9af3971dd833d26ba9b5c936f0be,0xf5bec430576ff1b82e44ddb5a1c93f6f9d0884f3,107,591.3827691
0x4b01721f0244e7c5b5f63c20942850e447f5a5ee,0x209c4784ab1e8183cf58ca33cb740efbf3fc18ef,102,595.7056211
0xd24400ae8bfebb18ca49be86258a3c749cf46853,0x1522900b6dafac587d499a862861c0869be6e428,100,16235.17387
0xfbb1b73c4f0bda4f67dca266ce6ef42f520fbb98,0x3f5ce5fbfe3e9af3971dd833d26ba9b5c936f0be,99,5005.509668
0xd24400ae8bfebb18ca49be86258a3c749cf46853,0x6fc82a5fe25a5cdb58bc74600a40a69c065263f8,97,2280.599158
0x267be1c1d684f78cb4f6a176c4911b741e4ffdc0,0x0d6b5a54f940bf3d52e438cab785981aaefdf40c,96,464.5572214
0x243bec9256c9a3469da22103891465b47583d9f1,0xe94b04a0fed112f3664e45adb2b8915693dd5ff3,93,1903.927669
0x8271b2e8cbe29396e9563229030c89679b9470db,0x4b01721f0244e7c5b5f63c20942850e447f5a5ee,91,235.0551079
0x5baeac0a0417a05733884852aa068b706967e790,0x7727e5113d1d161373623e5f49fd568b4f543a9e,86,456.7290196
0x32be343b94f860124dc4fee278fdcbd38c102d88,0x243bec9256c9a3469da22103891465b47583d9f1,83,313.5277018
0xd24400ae8bfebb18ca49be86258a3c749cf46853,0x96fc4553a00c117c5b0bed950dd625d1c16dc894,79,255.3669245
0xfbb1b73c4f0bda4f67dca266ce6ef42f520fbb98,0x390de26d772d2e2005c6d1d24afc902bae37a4bb,76,1176.261733
0x1151314c646ce4e0efd76d1af4760ae66a9fe30f,0x7727e5113d1d161373623e5f49fd568b4f543a9e,73,185.7361814
0x0d6b5a54f940bf3d52e438cab785981aaefdf40c,0x7727e5113d1d161373623e5f49fd568b4f543a9e,71,448.7715636
0xe03c23519e18d64f144d2800e30e81b0065c48b5,0xe94b04a0fed112f3664e45adb2b8915693dd5ff3,71,168.7214671
0x32be343b94f860124dc4fee278fdcbd38c102d88,0x96fc4553a00c117c5b0bed950dd625d1c16dc894,70,304.0526132
0x0d6b5a54f940bf3d52e438cab785981aaefdf40c,0x8271b2e8cbe29396e9563229030c89679b9470db,69,362.3479595
0x1151314c646ce4e0efd76d1af4760ae66a9fe30f,0x0d6b5a54f940bf3d52e438cab785981aaefdf40c,69,440.0353668
0x8271b2e8cbe29396e9563229030c89679b9470db,0xf5bec430576ff1b82e44ddb5a1c93f6f9d0884f3,67,532.2685249
0x243bec9256c9a3469da22103891465b47583d9f1,0x7727e5113d1d161373623e5f49fd568b4f543a9e,66,947.4519979
0x243bec9256c9a3469da22103891465b47583d9f1,0xf5bec430576ff1b82e44ddb5a1c93f6f9d0884f3,64,486.8175004
0x8271b2e8cbe29396e9563229030c89679b9470db,0x70faa28a6b8d6829a4b1e649d26ec9a2a39ba413,62,241.3882128
0xf5bec430576ff1b82e44ddb5a1c93f6f9d0884f3,0x8271b2e8cbe29396e9563229030c89679b9470db,62,261.1533784
0x1522900b6dafac587d499a862861c0869be6e428,0x243bec9256c9a3469da22103891465b47583d9f1,61,115.3506879
0xf5bec430576ff1b82e44ddb5a1c93f6f9d0884f3,0xfa52274dd61e1643d2205169732f29114bc240b3,61,126.2185084
0x4b01721f0244e7c5b5f63c20942850e447f5a5ee,0x8271b2e8cbe29396e9563229030c89679b9470db,60,138.992173
0x0d6b5a54f940bf3d52e438cab785981aaefdf40c,0x243bec9256c9a3469da22103891465b47583d9f1,59,80.29170769
0x1151314c646ce4e0efd76d1af4760ae66a9fe30f,0x96fc4553a00c117c5b0bed950dd625d1c16dc894,59,115.4013425
0x8271b2e8cbe29396e9563229030c89679b9470db,0x6fc82a5fe25a5cdb58bc74600a40a69c065263f8,59,740.9663663
0x8271b2e8cbe29396e9563229030c89679b9470db,0x9c67e141c0472115aa1b98bd0088418be68fd249,59,330.776836
0xe03c23519e18d64f144d2800e30e81b0065c48b5,0x8271b2e8cbe29396e9563229030c89679b9470db,56,158.1318354
0xf5bec430576ff1b82e44ddb5a1c93f6f9d0884f3,0x243bec9256c9a3469da22103891465b47583d9f1,56,148.4309467
0x4b01721f0244e7c5b5f63c20942850e447f5a5ee,0x0d6b5a54f940bf3d52e438cab785981aaefdf40c,55,168.7516576
0x0d6b5a54f940bf3d52e438cab785981aaefdf40c,0x4b01721f0244e7c5b5f63c20942850e447f5a5ee,54,222.3914559
0xd94c9ff168dc6aebf9b6cc86deff54f3fb0afc33,0x7727e5113d1d161373623e5f49fd568b4f543a9e,54,1775.074331
0x4b01721f0244e7c5b5f63c20942850e447f5a5ee,0x96fc4553a00c117c5b0bed950dd625d1c16dc894,53,79.97098112
0x1151314c646ce4e0efd76d1af4760ae66a9fe30f,0x3f5ce5fbfe3e9af3971dd833d26ba9b5c936f0be,52,3872.130381
0x3f5ce5fbfe3e9af3971dd833d26ba9b5c936f0be,0x1522900b6dafac587d499a862861c0869be6e428,52,529.2035511
0x8271b2e8cbe29396e9563229030c89679b9470db,0x0d6b5a54f940bf3d52e438cab785981aaefdf40c,52,258.8195923
0x5baeac0a0417a05733884852aa068b706967e790,0x209c4784ab1e8183cf58ca33cb740efbf3fc18ef,51,371.9004397
0x9c67e141c0472115aa1b98bd0088418be68fd249,0xe94b04a0fed112f3664e45adb2b8915693dd5ff3,51,369.6594882
0x32be343b94f860124dc4fee278fdcbd38c102d88,0x236f9f97e0e62388479bf9e5ba4889e46b0273c3,50,1778.340705
0x243bec9256c9a3469da22103891465b47583d9f1,0x209c4784ab1e8183cf58ca33cb740efbf3fc18ef,48,568.8048625
0x1522900b6dafac587d499a862861c0869be6e428,0x70faa28a6b8d6829a4b1e649d26ec9a2a39ba413,46,101.9758323
0x243bec9256c9a3469da22103891465b47583d9f1,0xfa52274dd61e1643d2205169732f29114bc240b3,46,402.3658959
0x5baeac0a0417a05733884852aa068b706967e790,0x8271b2e8cbe29396e9563229030c89679b9470db,46,148.8189327
0x3f5ce5fbfe3e9af3971dd833d26ba9b5c936f0be,0x96fc4553a00c117c5b0bed950dd625d1c16dc894,45,160.2518131
0x4b01721f0244e7c5b5f63c20942850e447f5a5ee,0xfa52274dd61e1643d2205169732f29114bc240b3,45,143.5637051
0x236f9f97e0e62388479bf9e5ba4889e46b0273c3,0x209c4784ab1e8183cf58ca33cb740efbf3fc18ef,44,3763.090156
0xd3273eba07248020bf98a8b560ec1576a612102f,0x96fc4553a00c117c5b0bed950dd625d1c16dc894,44,43.56454064
0x243bec9256c9a3469da22103891465b47583d9f1,0x4b01721f0244e7c5b5f63c20942850e447f5a5ee,43,62.53929164
0x563b377a956c80d77a7c613a9343699ad6123911,0x96fc4553a00c117c5b0bed950dd625d1c16dc894,43,71.04791418
0x96fc4553a00c117c5b0bed950dd625d1c16dc894,0xfa52274dd61e1643d2205169732f29114bc240b3,43,133.8691621
0x2b5634c42055806a59e9107ed44d43c426e58258,0x7727e5113d1d161373623e5f49fd568b4f543a9e,42,232.2426903
0x236f9f97e0e62388479bf9e5ba4889e46b0273c3,0xe94b04a0fed112f3664e45adb2b8915693dd5ff3,40,1876.930111
0xd24400ae8bfebb18ca49be86258a3c749cf46853,0x4b01721f0244e7c5b5f63c20942850e447f5a5ee,40,105.7476217
0x1151314c646ce4e0efd76d1af4760ae66a9fe30f,0x243bec9256c9a3469da22103891465b47583d9f1,39,191.6009484
0x2b5634c42055806a59e9107ed44d43c426e58258,0x0d6b5a54f940bf3d52e438cab785981aaefdf40c,39,142.7930781
0x9c67e141c0472115aa1b98bd0088418be68fd249,0x8271b2e8cbe29396e9563229030c89679b9470db,38,680.8087704
0x8271b2e8cbe29396e9563229030c89679b9470db,0x3f5ce5fbfe3e9af3971dd833d26ba9b5c936f0be,37,1192.63241
0xe03c23519e18d64f144d2800e30e81b0065c48b5,0x4b01721f0244e7c5b5f63c20942850e447f5a5ee,37,37.1382436
0x236f9f97e0e62388479bf9e5ba4889e46b0273c3,0x8271b2e8cbe29396e9563229030c89679b9470db,36,182.5847889
0xd94c9ff168dc6aebf9b6cc86deff54f3fb0afc33,0x236f9f97e0e62388479bf9e5ba4889e46b0273c3,35,375.2374154
0x1151314c646ce4e0efd76d1af4760ae66a9fe30f,0x9c67e141c0472115aa1b98bd0088418be68fd249,34,233.363274
0x267be1c1d684f78cb4f6a176c4911b741e4ffdc0,0x3f5ce5fbfe3e9af3971dd833d26ba9b5c936f0be,34,1015.375428
0x5baeac0a0417a05733884852aa068b706967e790,0x0d6b5a54f940bf3d52e438cab785981aaefdf40c,34,83.76627645
0x5baeac0a0417a05733884852aa068b706967e790,0x70faa28a6b8d6829a4b1e649d26ec9a2a39ba413,34,30.2873435
0x8271b2e8cbe29396e9563229030c89679b9470db,0x236f9f97e0e62388479bf9e5ba4889e46b0273c3,34,1160.087449
0x1522900b6dafac587d499a862861c0869be6e428,0x6fc82a5fe25a5cdb58bc74600a40a69c065263f8,33,15964.38702
0x32be343b94f860124dc4fee278fdcbd38c102d88,0x0d6b5a54f940bf3d52e438cab785981aaefdf40c,33,724.0623312
0x5baeac0a0417a05733884852aa068b706967e790,0xfa52274dd61e1643d2205169732f29114bc240b3,33,136.7485089
0x1522900b6dafac587d499a862861c0869be6e428,0x96fc4553a00c117c5b0bed950dd625d1c16dc894,32,44.10870105
0x243bec9256c9a3469da22103891465b47583d9f1,0x8271b2e8cbe29396e9563229030c89679b9470db,32,78.14157877
0x32be343b94f860124dc4fee278fdcbd38c102d88,0x390de26d772d2e2005c6d1d24afc902bae37a4bb,32,448.4013604
0x236f9f97e0e62388479bf9e5ba4889e46b0273c3,0x1522900b6dafac587d499a862861c0869be6e428,31,3038.733279
0x3f5ce5fbfe3e9af3971dd833d26ba9b5c936f0be,0x243bec9256c9a3469da22103891465b47583d9f1,31,114.377898
0x96fc4553a00c117c5b0bed950dd625d1c16dc894,0x7727e5113d1d161373623e5f49fd568b4f543a9e,31,165.4026137
0xd24400ae8bfebb18ca49be86258a3c749cf46853,0x0d6b5a54f940bf3d52e438cab785981aaefdf40c,31,215.3603234
0x2b5634c42055806a59e9107ed44d43c426e58258,0x209c4784ab1e8183cf58ca33cb740efbf3fc18ef,30,183.1537071
0x8271b2e8cbe29396e9563229030c89679b9470db,0x1522900b6dafac587d499a862861c0869be6e428,30,677.7780786
0x0d6b5a54f940bf3d52e438cab785981aaefdf40c,0xfa52274dd61e1643d2205169732f29114bc240b3,29,615.3693092
0x236f9f97e0e62388479bf9e5ba4889e46b0273c3,0x3f5ce5fbfe3e9af3971dd833d26ba9b5c936f0be,28,1535.372941
0x32be343b94f860124dc4fee278fdcbd38c102d88,0x9c67e141c0472115aa1b98bd0088418be68fd249,28,374.9821295
0x4b01721f0244e7c5b5f63c20942850e447f5a5ee,0x70faa28a6b8d6829a4b1e649d26ec9a2a39ba413,28,30.48363184
0xe03c23519e18d64f144d2800e30e81b0065c48b5,0x209c4784ab1e8183cf58ca33cb740efbf3fc18ef,28,72.00139806
0xeed16856d551569d134530ee3967ec79995e2051,0x6fc82a5fe25a5cdb58bc74600a40a69c065263f8,28,25.64204671
0x4b01721f0244e7c5b5f63c20942850e447f5a5ee,0x6fc82a5fe25a5cdb58bc74600a40a69c065263f8,27,260.680356
0xd3273eba07248020bf98a8b560ec1576a612102f,0x6fc82a5fe25a5cdb58bc74600a40a69c065263f8,27,38.37393463
0xe03c23519e18d64f144d2800e30e81b0065c48b5,0x7727e5113d1d161373623e5f49fd568b4f543a9e,27,63.7412056
0x4b01721f0244e7c5b5f63c20942850e447f5a5ee,0x243bec9256c9a3469da22103891465b47583d9f1,26,83.69440502
0xfbb1b73c4f0bda4f67dca266ce6ef42f520fbb98,0x3613ef1125a078ef96ffc898c4ec28d73c5b8c52,26,65.92492205
0x236f9f97e0e62388479bf9e5ba4889e46b0273c3,0xfa52274dd61e1643d2205169732f29114bc240b3,25,892.3967814
0x243bec9256c9a3469da22103891465b47583d9f1,0x1522900b6dafac587d499a862861c0869be6e428,25,256.283049
0x2b5634c42055806a59e9107ed44d43c426e58258,0x8271b2e8cbe29396e9563229030c89679b9470db,25,68.88517493
0xaeec6f5aca72f3a005af1b3420ab8c8c7009bac8,0x7727e5113d1d161373623e5f49fd568b4f543a9e,25,140.8012783
0x1522900b6dafac587d499a862861c0869be6e428,0x7727e5113d1d161373623e5f49fd568b4f543a9e,24,3109.477163
0x563b377a956c80d77a7c613a9343699ad6123911,0x6fc82a5fe25a5cdb58bc74600a40a69c065263f8,23,42.76340727
0x563b377a956c80d77a7c613a9343699ad6123911,0xfa52274dd61e1643d2205169732f29114bc240b3,23,10.25090009
0x96fc4553a00c117c5b0bed950dd625d1c16dc894,0xe94b04a0fed112f3664e45adb2b8915693dd5ff3,23,79.50318015
0xd3273eba07248020bf98a8b560ec1576a612102f,0xfa52274dd61e1643d2205169732f29114bc240b3,23,25.92313525
0xe03c23519e18d64f144d2800e30e81b0065c48b5,0xf5bec430576ff1b82e44ddb5a1c93f6f9d0884f3,23,17.53800313
0xd24400ae8bfebb18ca49be86258a3c749cf46853,0xf5bec430576ff1b82e44ddb5a1c93f6f9d0884f3,22,455.1723391
0xf5bec430576ff1b82e44ddb5a1c93f6f9d0884f3,0x96fc4553a00c117c5b0bed950dd625d1c16dc894,21,172.7983568
0x0d6b5a54f940bf3d52e438cab785981aaefdf40c,0x209c4784ab1e8183cf58ca33cb740efbf3fc18ef,19,73.80541927
0x267be1c1d684f78cb4f6a176c4911b741e4ffdc0,0x9c67e141c0472115aa1b98bd0088418be68fd249,19,60.80767392
0x5baeac0a0417a05733884852aa068b706967e790,0x243bec9256c9a3469da22103891465b47583d9f1,19,20.57574797
0x96fc4553a00c117c5b0bed950dd625d1c16dc894,0x6fc82a5fe25a5cdb58bc74600a40a69c065263f8,19,1361.556638
0xf5bec430576ff1b82e44ddb5a1c93f6f9d0884f3,0x1522900b6dafac587d499a862861c0869be6e428,19,309.3840587
0x4b01721f0244e7c5b5f63c20942850e447f5a5ee,0x9c67e141c0472115aa1b98bd0088418be68fd249,18,81.34338181
0x9c67e141c0472115aa1b98bd0088418be68fd249,0x7727e5113d1d161373623e5f49fd568b4f543a9e,18,40.5318466
0x3b0bc51ab9de1e5b7b6e34e5b960285805c41736,0x6fc82a5fe25a5cdb58bc74600a40a69c065263f8,17,3.434207256
0x3b0bc51ab9de1e5b7b6e34e5b960285805c41736,0xfa52274dd61e1643d2205169732f29114bc240b3,17,29.95866975
0xd3273eba07248020bf98a8b560ec1576a612102f,0x7727e5113d1d161373623e5f49fd568b4f543a9e,16,20.7105122
0xeed16856d551569d134530ee3967ec79995e2051,0xfa52274dd61e1643d2205169732f29114bc240b3,16,25.21089583
0x3f5ce5fbfe3e9af3971dd833d26ba9b5c936f0be,0x390de26d772d2e2005c6d1d24afc902bae37a4bb,15,136.8404801
0x563b377a956c80d77a7c613a9343699ad6123911,0x7727e5113d1d161373623e5f49fd568b4f543a9e,15,8.741602466
0x96fc4553a00c117c5b0bed950dd625d1c16dc894,0x1522900b6dafac587d499a862861c0869be6e428,15,25.37768655
0xf5bec430576ff1b82e44ddb5a1c93f6f9d0884f3,0x3613ef1125a078ef96ffc898c4ec28d73c5b8c52,15,40.2122827
0x0d6b5a54f940bf3d52e438cab785981aaefdf40c,0xf5bec430576ff1b82e44ddb5a1c93f6f9d0884f3,14,45.79365823
0x236f9f97e0e62388479bf9e5ba4889e46b0273c3,0xf5bec430576ff1b82e44ddb5a1c93f6f9d0884f3,14,316.9749979
0x5baeac0a0417a05733884852aa068b706967e790,0x96fc4553a00c117c5b0bed950dd625d1c16dc894,14,21.21843614
0x8271b2e8cbe29396e9563229030c89679b9470db,0x243bec9256c9a3469da22103891465b47583d9f1,14,87.23003873
0xd94c9ff168dc6aebf9b6cc86deff54f3fb0afc33,0x209c4784ab1e8183cf58ca33cb740efbf3fc18ef,14,28.29763682
0x1151314c646ce4e0efd76d1af4760ae66a9fe30f,0x390de26d772d2e2005c6d1d24afc902bae37a4bb,13,106.6186454
0x243bec9256c9a3469da22103891465b47583d9f1,0x96fc4553a00c117c5b0bed950dd625d1c16dc894,13,22.62943327
0x3b0bc51ab9de1e5b7b6e34e5b960285805c41736,0x7727e5113d1d161373623e5f49fd568b4f543a9e,13,14.3844887
0x3f5ce5fbfe3e9af3971dd833d26ba9b5c936f0be,0x2b5634c42055806a59e9107ed44d43c426e58258,12,219.6713324
0x96fc4553a00c117c5b0bed950dd625d1c16dc894,0x4b01721f0244e7c5b5f63c20942850e447f5a5ee,12,27.02942529
0xd24400ae8bfebb18ca49be86258a3c749cf46853,0x3f5ce5fbfe3e9af3971dd833d26ba9b5c936f0be,12,940.3267679
0xeed16856d551569d134530ee3967ec79995e2051,0x1522900b6dafac587d499a862861c0869be6e428,12,10.78306233
0xf5bec430576ff1b82e44ddb5a1c93f6f9d0884f3,0x70faa28a6b8d6829a4b1e649d26ec9a2a39ba413,12,10.52855483
0xfbb1b73c4f0bda4f67dca266ce6ef42f520fbb98,0xfb9f7f41319157ac5c5dccae308a63a4337ad5d9,12,25.06686912
0x0d6b5a54f940bf3d52e438cab785981aaefdf40c,0x6fc82a5fe25a5cdb58bc74600a40a69c065263f8,11,101.4011905
0x563b377a956c80d77a7c613a9343699ad6123911,0x1522900b6dafac587d499a862861c0869be6e428,11,15.3939009
0x563b377a956c80d77a7c613a9343699ad6123911,0x8271b2e8cbe29396e9563229030c89679b9470db,11,14.40646571
0x8271b2e8cbe29396e9563229030c89679b9470db,0x96fc4553a00c117c5b0bed950dd625d1c16dc894,11,31.40495265
0xe03c23519e18d64f144d2800e30e81b0065c48b5,0xfa52274dd61e1643d2205169732f29114bc240b3,11,23.13796799
0x1522900b6dafac587d499a862861c0869be6e428,0xf5bec430576ff1b82e44ddb5a1c93f6f9d0884f3,10,206.7588802
0x2b5634c42055806a59e9107ed44d43c426e58258,0xf5bec430576ff1b82e44ddb5a1c93f6f9d0884f3,10,14.80199013
0x32be343b94f860124dc4fee278fdcbd38c102d88,0xfb9f7f41319157ac5c5dccae308a63a4337ad5d9,10,48.60273355
0x9c67e141c0472115aa1b98bd0088418be68fd249,0x4b01721f0244e7c5b5f63c20942850e447f5a5ee,10,71.74300578
0xd3273eba07248020bf98a8b560ec1576a612102f,0xe94b04a0fed112f3664e45adb2b8915693dd5ff3,10,23.13053584
0xe03c23519e18d64f144d2800e30e81b0065c48b5,0x243bec9256c9a3469da22103891465b47583d9f1,10,11.91392276
0xeed16856d551569d134530ee3967ec79995e2051,0xe94b04a0fed112f3664e45adb2b8915693dd5ff3,10,44.00329839
0xf5bec430576ff1b82e44ddb5a1c93f6f9d0884f3,0x0d6b5a54f940bf3d52e438cab785981aaefdf40c,10,12.66518692
0x267be1c1d684f78cb4f6a176c4911b741e4ffdc0,0x2b5634c42055806a59e9107ed44d43c426e58258,9,115.2563078
0x2b5634c42055806a59e9107ed44d43c426e58258,0x70faa28a6b8d6829a4b1e649d26ec9a2a39ba413,9,7.676095083
0x32be343b94f860124dc4fee278fdcbd38c102d88,0x3f5ce5fbfe3e9af3971dd833d26ba9b5c936f0be,9,511.0597067
0x3f5ce5fbfe3e9af3971dd833d26ba9b5c936f0be,0x3613ef1125a078ef96ffc898c4ec28d73c5b8c52,9,12.03020068
0x3f5ce5fbfe3e9af3971dd833d26ba9b5c936f0be,0x5baeac0a0417a05733884852aa068b706967e790,9,38.73347081
0x563b377a956c80d77a7c613a9343699ad6123911,0xe94b04a0fed112f3664e45adb2b8915693dd5ff3,9,41.25666079
0x96fc4553a00c117c5b0bed950dd625d1c16dc894,0x209c4784ab1e8183cf58ca33cb740efbf3fc18ef,9,610.1066443
0x96fc4553a00c117c5b0bed950dd625d1c16dc894,0x8271b2e8cbe29396e9563229030c89679b9470db,9,31.76221266
0xa30d8157911ef23c46c0eb71889efe6a648a41f7,0x7727e5113d1d161373623e5f49fd568b4f543a9e,9,89.7829802
0xd24400ae8bfebb18ca49be86258a3c749cf46853,0x243bec9256c9a3469da22103891465b47583d9f1,9,10.48226804
0xd3273eba07248020bf98a8b560ec1576a612102f,0x8271b2e8cbe29396e9563229030c89679b9470db,9,15.24209329
0xe03c23519e18d64f144d2800e30e81b0065c48b5,0x9c67e141c0472115aa1b98bd0088418be68fd249,9,23.50986816
0xfbb1b73c4f0bda4f67dca266ce6ef42f520fbb98,0x5baeac0a0417a05733884852aa068b706967e790,9,31.27473623
0x1522900b6dafac587d499a862861c0869be6e428,0x236f9f97e0e62388479bf9e5ba4889e46b0273c3,8,297.1694272
0x236f9f97e0e62388479bf9e5ba4889e46b0273c3,0x6fc82a5fe25a5cdb58bc74600a40a69c065263f8,8,427.5871749
0x267be1c1d684f78cb4f6a176c4911b741e4ffdc0,0x236f9f97e0e62388479bf9e5ba4889e46b0273c3,8,308.6659797
0x3613ef1125a078ef96ffc898c4ec28d73c5b8c52,0x7727e5113d1d161373623e5f49fd568b4f543a9e,8,16.2384125
0x3613ef1125a078ef96ffc898c4ec28d73c5b8c52,0xe94b04a0fed112f3664e45adb2b8915693dd5ff3,8,19.51806563
0x563b377a956c80d77a7c613a9343699ad6123911,0x4b01721f0244e7c5b5f63c20942850e447f5a5ee,8,22.95096542
0x563b377a956c80d77a7c613a9343699ad6123911,0xf5bec430576ff1b82e44ddb5a1c93f6f9d0884f3,8,104.2753702
0x5baeac0a0417a05733884852aa068b706967e790,0x9c67e141c0472115aa1b98bd0088418be68fd249,8,25.31777009
0x96fc4553a00c117c5b0bed950dd625d1c16dc894,0x0d6b5a54f940bf3d52e438cab785981aaefdf40c,8,222.4182582
0x96fc4553a00c117c5b0bed950dd625d1c16dc894,0xf5bec430576ff1b82e44ddb5a1c93f6f9d0884f3,8,3.88009616
0x9c67e141c0472115aa1b98bd0088418be68fd249,0xf5bec430576ff1b82e44ddb5a1c93f6f9d0884f3,8,5.228630006
0xd3273eba07248020bf98a8b560ec1576a612102f,0x1522900b6dafac587d499a862861c0869be6e428,8,18.23594217
0xd3273eba07248020bf98a8b560ec1576a612102f,0xf5bec430576ff1b82e44ddb5a1c93f6f9d0884f3,8,56.74015321
0xe03c23519e18d64f144d2800e30e81b0065c48b5,0x0d6b5a54f940bf3d52e438cab785981aaefdf40c,8,16.12885951
0xeed16856d551569d134530ee3967ec79995e2051,0x7727e5113d1d161373623e5f49fd568b4f543a9e,8,10.85935186
0x0d6b5a54f940bf3d52e438cab785981aaefdf40c,0x70faa28a6b8d6829a4b1e649d26ec9a2a39ba413,7,73.37242493
0x0d6b5a54f940bf3d52e438cab785981aaefdf40c,0x9c67e141c0472115aa1b98bd0088418be68fd249,7,17.95007108
0x243bec9256c9a3469da22103891465b47583d9f1,0x0d6b5a54f940bf3d52e438cab785981aaefdf40c,7,18.80332279
0x2b5634c42055806a59e9107ed44d43c426e58258,0x4b01721f0244e7c5b5f63c20942850e447f5a5ee,7,17.77705597
0x3b0bc51ab9de1e5b7b6e34e5b960285805c41736,0x8271b2e8cbe29396e9563229030c89679b9470db,7,26.34961055
0x96fc4553a00c117c5b0bed950dd625d1c16dc894,0x9c67e141c0472115aa1b98bd0088418be68fd249,7,1362.457062
0x9c67e141c0472115aa1b98bd0088418be68fd249,0x70faa28a6b8d6829a4b1e649d26ec9a2a39ba413,7,63.00656372
0xd3273eba07248020bf98a8b560ec1576a612102f,0x0d6b5a54f940bf3d52e438cab785981aaefdf40c,7,67.06330603
0xd94c9ff168dc6aebf9b6cc86deff54f3fb0afc33,0xe94b04a0fed112f3664e45adb2b8915693dd5ff3,7,20.66002592
0xf5bec430576ff1b82e44ddb5a1c93f6f9d0884f3,0x236f9f97e0e62388479bf9e5ba4889e46b0273c3,7,102.7210038
0xfb9f7f41319157ac5c5dccae308a63a4337ad5d9,0x7727e5113d1d161373623e5f49fd568b4f543a9e,7,40.29250748
0xfbb1b73c4f0bda4f67dca266ce6ef42f520fbb98,0x2b5634c42055806a59e9107ed44d43c426e58258,7,59.68195486
0x0d6b5a54f940bf3d52e438cab785981aaefdf40c,0x1522900b6dafac587d499a862861c0869be6e428,6,65.6707027
0x243bec9256c9a3469da22103891465b47583d9f1,0x6fc82a5fe25a5cdb58bc74600a40a69c065263f8,6,11.4020991
0x2b5634c42055806a59e9107ed44d43c426e58258,0x6fc82a5fe25a5cdb58bc74600a40a69c065263f8,6,19.45412356
0x3613ef1125a078ef96ffc898c4ec28d73c5b8c52,0x4b01721f0244e7c5b5f63c20942850e447f5a5ee,6,2.523599103
0x563b377a956c80d77a7c613a9343699ad6123911,0x209c4784ab1e8183cf58ca33cb740efbf3fc18ef,6,22.19473851
0x5baeac0a0417a05733884852aa068b706967e790,0x1522900b6dafac587d499a862861c0869be6e428,6,86.02573669
0x9c67e141c0472115aa1b98bd0088418be68fd249,0x3f5ce5fbfe3e9af3971dd833d26ba9b5c936f0be,6,184.7332382
0x9c67e141c0472115aa1b98bd0088418be68fd249,0xfa52274dd61e1643d2205169732f29114bc240b3,6,55.81864777
0xd3273eba07248020bf98a8b560ec1576a612102f,0x4b01721f0244e7c5b5f63c20942850e447f5a5ee,6,2.544476256
0xe03c23519e18d64f144d2800e30e81b0065c48b5,0x1522900b6dafac587d499a862861c0869be6e428,6,20.35548329
0xe03c23519e18d64f144d2800e30e81b0065c48b5,0x6fc82a5fe25a5cdb58bc74600a40a69c065263f8,6,32.60569011
0xeed16856d551569d134530ee3967ec79995e2051,0x8271b2e8cbe29396e9563229030c89679b9470db,6,5.789550006
0xf5bec430576ff1b82e44ddb5a1c93f6f9d0884f3,0x6fc82a5fe25a5cdb58bc74600a40a69c065263f8,6,6.155299783
0xf5bec430576ff1b82e44ddb5a1c93f6f9d0884f3,0x9c67e141c0472115aa1b98bd0088418be68fd249,6,98.90424063
0x1151314c646ce4e0efd76d1af4760ae66a9fe30f,0x2b5634c42055806a59e9107ed44d43c426e58258,5,116.487802
0x236f9f97e0e62388479bf9e5ba4889e46b0273c3,0x9c67e141c0472115aa1b98bd0088418be68fd249,5,24.10999987
0x267be1c1d684f78cb4f6a176c4911b741e4ffdc0,0x3613ef1125a078ef96ffc898c4ec28d73c5b8c52,5,11.27499986
0x2b5634c42055806a59e9107ed44d43c426e58258,0xfa52274dd61e1643d2205169732f29114bc240b3,5,18.34821779
0x32be343b94f860124dc4fee278fdcbd38c102d88,0x3613ef1125a078ef96ffc898c4ec28d73c5b8c52,5,4.734721512
0x3613ef1125a078ef96ffc898c4ec28d73c5b8c52,0x209c4784ab1e8183cf58ca33cb740efbf3fc18ef,5,4.057734475
0x3613ef1125a078ef96ffc898c4ec28d73c5b8c52,0xf5bec430576ff1b82e44ddb5a1c93f6f9d0884f3,5,6.683221087
0x563b377a956c80d77a7c613a9343699ad6123911,0x9c67e141c0472115aa1b98bd0088418be68fd249,5,1.318395781
0x5baeac0a0417a05733884852aa068b706967e790,0x6fc82a5fe25a5cdb58bc74600a40a69c065263f8,5,10.75743067
0x96fc4553a00c117c5b0bed950dd625d1c16dc894,0x243bec9256c9a3469da22103891465b47583d9f1,5,2.334052935
0x9c67e141c0472115aa1b98bd0088418be68fd249,0x0d6b5a54f940bf3d52e438cab785981aaefdf40c,5,4.466346547
0xd3273eba07248020bf98a8b560ec1576a612102f,0x209c4784ab1e8183cf58ca33cb740efbf3fc18ef,5,26.43744552
0xd94c9ff168dc6aebf9b6cc86deff54f3fb0afc33,0x8271b2e8cbe29396e9563229030c89679b9470db,5,29.28896066
0xeed16856d551569d134530ee3967ec79995e2051,0xf5bec430576ff1b82e44ddb5a1c93f6f9d0884f3,5,7.616770446
0x0d6b5a54f940bf3d52e438cab785981aaefdf40c,0x2b5634c42055806a59e9107ed44d43c426e58258,4,101.0941973
0x1151314c646ce4e0efd76d1af4760ae66a9fe30f,0xfb9f7f41319157ac5c5dccae308a63a4337ad5d9,4,6.321875423
0x1522900b6dafac587d499a862861c0869be6e428,0x0d6b5a54f940bf3d52e438cab785981aaefdf40c,4,6.168787032
0x2b5634c42055806a59e9107ed44d43c426e58258,0x1522900b6dafac587d499a862861c0869be6e428,4,3.473091021
0x3613ef1125a078ef96ffc898c4ec28d73c5b8c52,0x243bec9256c9a3469da22103891465b47583d9f1,4,6.593719464
0x390de26d772d2e2005c6d1d24afc902bae37a4bb,0x7727e5113d1d161373623e5f49fd568b4f543a9e,4,125.9555834
0x3b0bc51ab9de1e5b7b6e34e5b960285805c41736,0x1522900b6dafac587d499a862861c0869be6e428,4,1.435514003
0x3b0bc51ab9de1e5b7b6e34e5b960285805c41736,0xe94b04a0fed112f3664e45adb2b8915693dd5ff3,4,9.710517809
0x4b01721f0244e7c5b5f63c20942850e447f5a5ee,0x1522900b6dafac587d499a862861c0869be6e428,4,16.00159228
0x8271b2e8cbe29396e9563229030c89679b9470db,0x3613ef1125a078ef96ffc898c4ec28d73c5b8c52,4,21.70083037
0x8271b2e8cbe29396e9563229030c89679b9470db,0x390de26d772d2e2005c6d1d24afc902bae37a4bb,4,124.4586346
0x96fc4553a00c117c5b0bed950dd625d1c16dc894,0xb6ba1931e4e74fd080587688f6db10e830f810d5,4,2.641491175
0xd24400ae8bfebb18ca49be86258a3c749cf46853,0x9c67e141c0472115aa1b98bd0088418be68fd249,4,14.00468993
0xd3273eba07248020bf98a8b560ec1576a612102f,0xfb9f7f41319157ac5c5dccae308a63a4337ad5d9,4,10.46939749
0xeed16856d551569d134530ee3967ec79995e2051,0x4b01721f0244e7c5b5f63c20942850e447f5a5ee,4,1.980199516
0xf5bec430576ff1b82e44ddb5a1c93f6f9d0884f3,0x3f5ce5fbfe3e9af3971dd833d26ba9b5c936f0be,4,337.7371874
0x0d6b5a54f940bf3d52e438cab785981aaefdf40c,0x3f5ce5fbfe3e9af3971dd833d26ba9b5c936f0be,3,222.1007051
0x1151314c646ce4e0efd76d1af4760ae66a9fe30f,0x5baeac0a0417a05733884852aa068b706967e790,3,0.655163296
0x243bec9256c9a3469da22103891465b47583d9f1,0x9c67e141c0472115aa1b98bd0088418be68fd249,3,60.40389007
0x267be1c1d684f78cb4f6a176c4911b741e4ffdc0,0xb6ba1931e4e74fd080587688f6db10e830f810d5,3,3.050000001
0x2b5634c42055806a59e9107ed44d43c426e58258,0x236f9f97e0e62388479bf9e5ba4889e46b0273c3,3,18.68750024
0x2b5634c42055806a59e9107ed44d43c426e58258,0x3f5ce5fbfe3e9af3971dd833d26ba9b5c936f0be,3,71.07781792
0x32be343b94f860124dc4fee278fdcbd38c102d88,0x2b5634c42055806a59e9107ed44d43c426e58258,3,19.08499956
0x32be343b94f860124dc4fee278fdcbd38c102d88,0x5baeac0a0417a05733884852aa068b706967e790,3,1.52590019
0x9c67e141c0472115aa1b98bd0088418be68fd249,0x209c4784ab1e8183cf58ca33cb740efbf3fc18ef,3,18.47755003
0xd24400ae8bfebb18ca49be86258a3c749cf46853,0x236f9f97e0e62388479bf9e5ba4889e46b0273c3,3,159.5127544
0xeed16856d551569d134530ee3967ec79995e2051,0x9c67e141c0472115aa1b98bd0088418be68fd249,3,3.648886034
0xf5bec430576ff1b82e44ddb5a1c93f6f9d0884f3,0x390de26d772d2e2005c6d1d24afc902bae37a4bb,3,35.63992828
0xfb9f7f41319157ac5c5dccae308a63a4337ad5d9,0x1522900b6dafac587d499a862861c0869be6e428,3,11.83841151
0xfbb1b73c4f0bda4f67dca266ce6ef42f520fbb98,0xb6ba1931e4e74fd080587688f6db10e830f810d5,3,6.153204739
0x0d6b5a54f940bf3d52e438cab785981aaefdf40c,0x390de26d772d2e2005c6d1d24afc902bae37a4bb,2,16.36870003
0x1151314c646ce4e0efd76d1af4760ae66a9fe30f,0x3613ef1125a078ef96ffc898c4ec28d73c5b8c52,2,0.926943541
0x1151314c646ce4e0efd76d1af4760ae66a9fe30f,0xb6ba1931e4e74fd080587688f6db10e830f810d5,2,0.193190628
0x1522900b6dafac587d499a862861c0869be6e428,0x3f5ce5fbfe3e9af3971dd833d26ba9b5c936f0be,2,75.92828751
0x1522900b6dafac587d499a862861c0869be6e428,0x4b01721f0244e7c5b5f63c20942850e447f5a5ee,2,5.589999974
0x236f9f97e0e62388479bf9e5ba4889e46b0273c3,0x2b5634c42055806a59e9107ed44d43c426e58258,2,12.69500041
0x236f9f97e0e62388479bf9e5ba4889e46b0273c3,0x96fc4553a00c117c5b0bed950dd625d1c16dc894,2,2
0x243bec9256c9a3469da22103891465b47583d9f1,0x70faa28a6b8d6829a4b1e649d26ec9a2a39ba413,2,0.698783517
0x267be1c1d684f78cb4f6a176c4911b741e4ffdc0,0x5baeac0a0417a05733884852aa068b706967e790,2,3.98999989
0x267be1c1d684f78cb4f6a176c4911b741e4ffdc0,0xfb9f7f41319157ac5c5dccae308a63a4337ad5d9,2,32.41797733
0x2b5634c42055806a59e9107ed44d43c426e58258,0x390de26d772d2e2005c6d1d24afc902bae37a4bb,2,3.134862065
0x32be343b94f860124dc4fee278fdcbd38c102d88,0xb6ba1931e4e74fd080587688f6db10e830f810d5,2,3.475174427
0x3613ef1125a078ef96ffc898c4ec28d73c5b8c52,0x8271b2e8cbe29396e9563229030c89679b9470db,2,3.602414608
0x3b0bc51ab9de1e5b7b6e34e5b960285805c41736,0x0d6b5a54f940bf3d52e438cab785981aaefdf40c,2,4.347756554
0x4b01721f0244e7c5b5f63c20942850e447f5a5ee,0xfb9f7f41319157ac5c5dccae308a63a4337ad5d9,2,1.268965721
0x5baeac0a0417a05733884852aa068b706967e790,0x3613ef1125a078ef96ffc898c4ec28d73c5b8c52,2,1.527888417
0x5e575279bf9f4acf0a130c186861454247394c06,0x8271b2e8cbe29396e9563229030c89679b9470db,2,0.02
0x8271b2e8cbe29396e9563229030c89679b9470db,0xfb9f7f41319157ac5c5dccae308a63a4337ad5d9,2,1.094130456
0x96fc4553a00c117c5b0bed950dd625d1c16dc894,0x70faa28a6b8d6829a4b1e649d26ec9a2a39ba413,2,2.545802593
0x9c67e141c0472115aa1b98bd0088418be68fd249,0x243bec9256c9a3469da22103891465b47583d9f1,2,0.79739508
0xa30d8157911ef23c46c0eb71889efe6a648a41f7,0x8271b2e8cbe29396e9563229030c89679b9470db,2,3.49000001
0xa30d8157911ef23c46c0eb71889efe6a648a41f7,0xf5bec430576ff1b82e44ddb5a1c93f6f9d0884f3,2,1.980000019
0xaeec6f5aca72f3a005af1b3420ab8c8c7009bac8,0xe94b04a0fed112f3664e45adb2b8915693dd5ff3,2,41.53440857
0xb6ba1931e4e74fd080587688f6db10e830f810d5,0x7727e5113d1d161373623e5f49fd568b4f543a9e,2,17.95918179
0xd3273eba07248020bf98a8b560ec1576a612102f,0x9c67e141c0472115aa1b98bd0088418be68fd249,2,0.832177132
0xd94c9ff168dc6aebf9b6cc86deff54f3fb0afc33,0x3f5ce5fbfe3e9af3971dd833d26ba9b5c936f0be,2,29.62922096
0xd94c9ff168dc6aebf9b6cc86deff54f3fb0afc33,0xfa52274dd61e1643d2205169732f29114bc240b3,2,0.912514761
0xe03c23519e18d64f144d2800e30e81b0065c48b5,0x3f5ce5fbfe3e9af3971dd833d26ba9b5c936f0be,2,59.89880753
0xe03c23519e18d64f144d2800e30e81b0065c48b5,0x70faa28a6b8d6829a4b1e649d26ec9a2a39ba413,2,10.33510336
0xeed16856d551569d134530ee3967ec79995e2051,0x209c4784ab1e8183cf58ca33cb740efbf3fc18ef,2,0.601940203
0xf5bec430576ff1b82e44ddb5a1c93f6f9d0884f3,0x5baeac0a0417a05733884852aa068b706967e790,2,13.95541811
0xfb9f7f41319157ac5c5dccae308a63a4337ad5d9,0x209c4784ab1e8183cf58ca33cb740efbf3fc18ef,2,6.814148188
0xfb9f7f41319157ac5c5dccae308a63a4337ad5d9,0x8271b2e8cbe29396e9563229030c89679b9470db,2,3.850434005
0xfb9f7f41319157ac5c5dccae308a63a4337ad5d9,0xe94b04a0fed112f3664e45adb2b8915693dd5ff3,2,1.96023035
0xfbb1b73c4f0bda4f67dca266ce6ef42f520fbb98,0xd7c866d0d536937bf9123e02f7c052446588189f,2,8.19093132
0x0d6b5a54f940bf3d52e438cab785981aaefdf40c,0x236f9f97e0e62388479bf9e5ba4889e46b0273c3,1,9.989999771
0x0d6b5a54f940bf3d52e438cab785981aaefdf40c,0x3613ef1125a078ef96ffc898c4ec28d73c5b8c52,1,3.2546947
0x1522900b6dafac587d499a862861c0869be6e428,0x5baeac0a0417a05733884852aa068b706967e790,1,4
0x1522900b6dafac587d499a862861c0869be6e428,0xb6ba1931e4e74fd080587688f6db10e830f810d5,1,0.800000012
0x236f9f97e0e62388479bf9e5ba4889e46b0273c3,0x4b01721f0244e7c5b5f63c20942850e447f5a5ee,1,0.100000001
0x236f9f97e0e62388479bf9e5ba4889e46b0273c3,0x70faa28a6b8d6829a4b1e649d26ec9a2a39ba413,1,0.046
0x243bec9256c9a3469da22103891465b47583d9f1,0x236f9f97e0e62388479bf9e5ba4889e46b0273c3,1,3.117539883
0x243bec9256c9a3469da22103891465b47583d9f1,0x3613ef1125a078ef96ffc898c4ec28d73c5b8c52,1,0.178660646
0x243bec9256c9a3469da22103891465b47583d9f1,0x5baeac0a0417a05733884852aa068b706967e790,1,0.170000002
0x2b5634c42055806a59e9107ed44d43c426e58258,0x243bec9256c9a3469da22103891465b47583d9f1,1,1.667709947
0x2b5634c42055806a59e9107ed44d43c426e58258,0x3613ef1125a078ef96ffc898c4ec28d73c5b8c52,1,0.199499995
0x2b5634c42055806a59e9107ed44d43c426e58258,0x96fc4553a00c117c5b0bed950dd625d1c16dc894,1,2.764499903
0x3613ef1125a078ef96ffc898c4ec28d73c5b8c52,0x1522900b6dafac587d499a862861c0869be6e428,1,0.493997365
0x390de26d772d2e2005c6d1d24afc902bae37a4bb,0x8271b2e8cbe29396e9563229030c89679b9470db,1,20
0x390de26d772d2e2005c6d1d24afc902bae37a4bb,0xe94b04a0fed112f3664e45adb2b8915693dd5ff3,1,4.789365292
0x3b0bc51ab9de1e5b7b6e34e5b960285805c41736,0x4b01721f0244e7c5b5f63c20942850e447f5a5ee,1,0.030229639
0x3b0bc51ab9de1e5b7b6e34e5b960285805c41736,0xf5bec430576ff1b82e44ddb5a1c93f6f9d0884f3,1,0.021212859
0x4b01721f0244e7c5b5f63c20942850e447f5a5ee,0x236f9f97e0e62388479bf9e5ba4889e46b0273c3,1,2.684022903
0x4b01721f0244e7c5b5f63c20942850e447f5a5ee,0x3613ef1125a078ef96ffc898c4ec28d73c5b8c52,1,1.200000048
0x4b01721f0244e7c5b5f63c20942850e447f5a5ee,0x3f5ce5fbfe3e9af3971dd833d26ba9b5c936f0be,1,55.64544296
0x4b01721f0244e7c5b5f63c20942850e447f5a5ee,0x5baeac0a0417a05733884852aa068b706967e790,1,0.727384925
0x563b377a956c80d77a7c613a9343699ad6123911,0x0d6b5a54f940bf3d52e438cab785981aaefdf40c,1,3.289032459
0x563b377a956c80d77a7c613a9343699ad6123911,0x236f9f97e0e62388479bf9e5ba4889e46b0273c3,1,4.767267704
0x563b377a956c80d77a7c613a9343699ad6123911,0x3613ef1125a078ef96ffc898c4ec28d73c5b8c52,1,0.461332142
0x5baeac0a0417a05733884852aa068b706967e790,0x2b5634c42055806a59e9107ed44d43c426e58258,1,11.59500027
0x5baeac0a0417a05733884852aa068b706967e790,0xfb9f7f41319157ac5c5dccae308a63a4337ad5d9,1,0.015
0x8271b2e8cbe29396e9563229030c89679b9470db,0x2b5634c42055806a59e9107ed44d43c426e58258,1,6.517718792
0x8271b2e8cbe29396e9563229030c89679b9470db,0xb6ba1931e4e74fd080587688f6db10e830f810d5,1,1.017481446
0x9c67e141c0472115aa1b98bd0088418be68fd249,0x96fc4553a00c117c5b0bed950dd625d1c16dc894,1,1
0xa30d8157911ef23c46c0eb71889efe6a648a41f7,0x236f9f97e0e62388479bf9e5ba4889e46b0273c3,1,1.100000024
0xa30d8157911ef23c46c0eb71889efe6a648a41f7,0x3f5ce5fbfe3e9af3971dd833d26ba9b5c936f0be,1,14.97900009
0xa30d8157911ef23c46c0eb71889efe6a648a41f7,0xe94b04a0fed112f3664e45adb2b8915693dd5ff3,1,4.900000095
0xa30d8157911ef23c46c0eb71889efe6a648a41f7,0xfa52274dd61e1643d2205169732f29114bc240b3,1,0.5
0xaeec6f5aca72f3a005af1b3420ab8c8c7009bac8,0x209c4784ab1e8183cf58ca33cb740efbf3fc18ef,1,14.39960003
0xaeec6f5aca72f3a005af1b3420ab8c8c7009bac8,0x4b01721f0244e7c5b5f63c20942850e447f5a5ee,1,7.999199867
0xaeec6f5aca72f3a005af1b3420ab8c8c7009bac8,0x6fc82a5fe25a5cdb58bc74600a40a69c065263f8,1,1.011744618
0xaeec6f5aca72f3a005af1b3420ab8c8c7009bac8,0x8271b2e8cbe29396e9563229030c89679b9470db,1,2.914340973
0xb6ba1931e4e74fd080587688f6db10e830f810d5,0x70faa28a6b8d6829a4b1e649d26ec9a2a39ba413,1,1.107129335
0xb6ba1931e4e74fd080587688f6db10e830f810d5,0xe94b04a0fed112f3664e45adb2b8915693dd5ff3,1,0.934971571
0xd24400ae8bfebb18ca49be86258a3c749cf46853,0x3613ef1125a078ef96ffc898c4ec28d73c5b8c52,1,0.306686997
0xd24400ae8bfebb18ca49be86258a3c749cf46853,0x5baeac0a0417a05733884852aa068b706967e790,1,0.01
0xd3273eba07248020bf98a8b560ec1576a612102f,0x236f9f97e0e62388479bf9e5ba4889e46b0273c3,1,2.040209532
0xd3273eba07248020bf98a8b560ec1576a612102f,0x243bec9256c9a3469da22103891465b47583d9f1,1,0.0100456
0xd7c866d0d536937bf9123e02f7c052446588189f,0x2b5634c42055806a59e9107ed44d43c426e58258,1,10.14964008
0xd94c9ff168dc6aebf9b6cc86deff54f3fb0afc33,0x2b5634c42055806a59e9107ed44d43c426e58258,1,4.943246841
0xd94c9ff168dc6aebf9b6cc86deff54f3fb0afc33,0x4b01721f0244e7c5b5f63c20942850e447f5a5ee,1,4.974999905
0xd94c9ff168dc6aebf9b6cc86deff54f3fb0afc33,0x9c67e141c0472115aa1b98bd0088418be68fd249,1,0.112323917
0xe03c23519e18d64f144d2800e30e81b0065c48b5,0x236f9f97e0e62388479bf9e5ba4889e46b0273c3,1,3.987999916
0xe03c23519e18d64f144d2800e30e81b0065c48b5,0x96fc4553a00c117c5b0bed950dd625d1c16dc894,1,6.047999859
0xe853c56864a2ebe4576a807d26fdc4a0ada51919,0xfa52274dd61e1643d2205169732f29114bc240b3,1,13.11833382
0xeed16856d551569d134530ee3967ec79995e2051,0x243bec9256c9a3469da22103891465b47583d9f1,1,1.005182505
0xeed16856d551569d134530ee3967ec79995e2051,0x70faa28a6b8d6829a4b1e649d26ec9a2a39ba413,1,0.059999999
0xeed16856d551569d134530ee3967ec79995e2051,0x96fc4553a00c117c5b0bed950dd625d1c16dc894,1,0.02328234
0xf5bec430576ff1b82e44ddb5a1c93f6f9d0884f3,0x3b0bc51ab9de1e5b7b6e34e5b960285805c41736,1,0.105625302
