co_miners,pool
0x00320a0dad7a7d618c86cf0cc35dfeaa178c5957,2miner
0x00482aca21809ef72da98007161de52e9cce5a8a,2miner
0x005dbd392262eeed27b9cf6708bda6e100e4f9af,2miner
0x00626e8d8ff25430301c26ea72decdd99479aeca,2miner
0x008733d543650543c82a93843664b09b0b2c70b5,2miner
0x008800cc5763e556fde3b6d5de608f5a53a98373,2miner
0x01139f82659a3bd56d1f051d57d4bc96a3b9ef05,2miner
0x0113cefc18d8e1d2f644ae351b4f98f1198b251f,2miner
0x01b6b3314c1092a385bc0c5ac2820f4b4130003a,2miner
0x021afc0c76207fca42a6614186d8d7bf70f6316f,2miner
0x023f7687b03c83c9a72b53e53671eb54a72700bc,2miner
0x0277ef415727fe71da00df89435b381dff414753,2miner
0x027ab1c4d5c9500055aa384032afefd85be87a06,2miner
0x02d3dde8ccb1622e02fb262c0897b453281a43a5,2miner
0x02dfc195e020a00bdde0c687ffc5715a9d0d5df1,2miner
0x030dbf6c71afbd54c6f8ba0d8b9ee6f2af2dc72f,2miner
0x031e376c79e0c2c299fe688fcc88458f7801aba3,2miner
0x034388e46dff44c723f1aacf681583cdea1d816a,2miner
0x035e75d05d85535a4e1b3763995f5740df4f00d3,2miner
0x03e719d9101c4b1af7d9b69f245092a9fc963f8c,2miner
0x044ef9fd76b70afbfe6242d758396ae316b7a540,2miner
0x0454b45090af53896c9c5b062c4823dfbce928dc,2miner
0x04cf4a7e04353a1eae4045697368ee4aaff8659e,2miner
0x055562321c7187993c53f3c90f3c2ca0cd3bf890,2miner
0x057bd661f182392c57328db996af9a0512e93b4c,2miner
0x0582f7dcc370c186474710947afbfed2c3420a5c,2miner
0x0586482982cca0eb5ddb6a4e6c2f9a93d02faf24,2miner
0x05a5d1037cff19e96bcbd8cf69533324cb166af2,2miner
0x05ae140792dcc2d953a88de6389455d273ac4b56,2miner
0x05b159af7ed790048fc5a5341b5950c94855da2c,2miner
0x05b1a946f99689943066099f4ae9b207881d8a27,2miner
0x05be5e034eb53dca943c24cf4d39c376e3565713,2miner
0x061010e77fca1835737f8b83bba4dcfcc637e17f,2miner
0x0614dd5b23acf2d5324a26150eead9f7a65542e5,2miner
0x0638e54c385ead28aee3ac1a3d9515263be30959,2miner
0x067c5202d976980b653e8207525e5e5256b01d6b,2miner
0x069077a9e813645748cce62bafad7fe768c7a122,2miner
0x06c03e698bb7bc857a183d3a39dc7c518c4da2b5,2miner
0x06d0617afd9754d1bbd39f009b5a3f55f86cdae1,2miner
0x06f11ec3d86c47113e9d37b5e7131f104162c3bd,2miner
0x0713c87ce85ca0023aab419512bbd660aa61dab7,2miner
0x07ae90336b8d97ac411f592a73fa1a8b32405b55,2miner
0x07aed51d71efc8d987e004b7bfca4b888337171e,2miner
0x081a474dfb514cec34b6753587c5ffaed340f5e8,2miner
0x0841f7142f76449940c4c80324c139a69e9baf4a,2miner
0x0867260550152e5dd1560b672b34e31230328388,2miner
0x086acdf7f3bb59af295a31f4a0568af196c31ccd,2miner
0x088411ec3609bdcc96a72925c9bab649cf255b3b,2miner
0x08a79cb81bb054aae6e99e58113d7257bcf93664,2miner
0x08b617fbadc090890cfcdc6a4b095b2a29d3da00,2miner
0x08d3f6b9b5d5ce9811f0a3d6aa36d5552d021cf5,2miner
0x08f48987ff9cf084ee1fa4f228b5515150522f99,2miner
0x08fc97e73f078d41719d68ad87ea3f48daeaea83,2miner
0x090c2d39b9ebb5d4567e9ed34ddc9970757a6e78,2miner
0x091e83e4256337aa747ae86975be321c20d0940f,2miner
0x0928334168fd93ede51ccc093eca6bea8d90da4b,2miner
0x097c29ab81f9faa976e160727e07a5852fc034f2,2miner
0x099669daeb036373a43270b1a1d57b6dcf640984,2miner
0x09b6e2b53d0831e8310e5446f76c449ed57d842d,2miner
0x09bac099e72c9b3a962a0d07b9d5233e017cb972,2miner
0x09be7598b039b0b643c60a8ecc631f2e1128f0a2,2miner
0x09d170868217d248518931ea8841cff8973ef800,2miner
0x09d998ddea06668ecb431818c39bf82191349711,2miner
0x09e088c6a146e29d1d53d7d4a1222e0411f922bb,2miner
0x0a422c50b0c48b1ab6bb5b6fa90a5b0bb6b5b7a0,2miner
0x0a4bca4c8affb1e92c0452e0ff421688531985b5,2miner
0x0a53c879953d436391073e1cbf623425e14b5fa1,2miner
0x0a86bb846d2b54e3a541dd6be855e5d13e42f227,2miner
0x0ac338de9c970f2146c74dfc895c67ce4cf12fd4,2miner
0x0ae42ee4d2447f37278a9d20c1311eef673bba1f,2miner
0x0b0081c26d8a94bc27e33266dc27d6e78f2e4f90,2miner
0x0b1ced6684a6495d6d3dbf5946e73126feb2e2f4,2miner
0x0b289aa101f63ef9d00be7a1f1e17d23a1608c3c,2miner
0x0b9f5b22e9c2a2c363bcf57698255b00e95a8401,2miner
0x0ba121b2f58f3a7ca43c4c8eb2c2979a89329e1a,2miner
0x0bb26f0e6cdf264b068b883ee44bf58eda6cfc47,2miner
0x0c86e2dab49421f1ab212266ce1f97513c74df23,2miner
0x0ca44447700ffa0d6828f4a49f50df3819637084,2miner
0x0cc8a7b1e63f9e3957bea8de9b77021e54d55d29,2miner
0x0cdac1316c54a42f313c873fe23ef7a748745eb5,2miner
0x0cdd4445ad0ea20d4e0405181693aae824487494,2miner
0x0d2d72df69fbe1b71c15d65a72501d097d6331de,2miner
0x0d3e165723eff794bf98e90b0fc953eba8b670a2,2miner
0x0d498ea2d640bb603176b010a68d770222e05d32,2miner
0x0d6bd2259fbabf169ccb9a56613a3168db5fc4f6,2miner
0x0dd1e652790c314d274424ac2e9dfc155dfd09e7,2miner
0x0dd1f9aa9cac3bd7c63a5d14a121fbaad44186da,2miner
0x0dd73fa9fe93097d475a41b40e692e78079a8bf9,2miner
0x0e01fd6280b006835c380d80eb146281124715aa,2miner
0x0e19a84ea15022da04f471c44b185152a9cec945,2miner
0x0e19c5591a1e5d6acd470b272843527e1ab8f4db,2miner
0x0e26eccbb4cd1381784e95bfb082c41bb3643b38,2miner
0x0e29ed8facc9c0addefd5341d25f8899214b5749,2miner
0x0e5a17cb37472a12270b5387a15f76201eea5a21,2miner
0x0e6f5bbd2fc4ef4bd66cbe0ae4c44369db2a3b11,2miner
0x0ea86cca477a9034d8369b23cf21b7e7d5694729,2miner
0x0ed7d49d8cb54664ac68c2ffdbe7b8a59463d3c8,2miner
0x0f2aab3fcac796e855f3b08ade79147d2d4d5a6b,2miner
0x0f44df0d0dc908429d18fac90c16234cfe867bd9,2miner
0x0f637188753e47a2256d7e855aa824b32bf1f1b2,2miner
0x0f8c6d0e669e00f0491e8e1a985786be1648d5df,2miner
0x0fe7c0c7bd4ba1cb714c1b1d020f3cc60604b7e9,2miner
0x0feaf250ee2e2d871f4aca8ed2e261767bd214ab,2miner
0x1014f98f5f2e7b689fb3f52e515c344b0d0b758b,2miner
0x10196d0dd648065feaa4c0a72d0b6f9bed01b58c,2miner
0x10657e28815b1c0b95fea4fdbeaf9c35a50581f1,2miner
0x108ad811ca68141680fc12d7267e0a3d3adfdbc4,2miner
0x1090edb77a3698cb2704646d3bd307d5e0721916,2miner
0x10d1c5d5e8a0273d00f82da6903e81590b78ed28,2miner
0x10f872ed100936d6c186bd6a29fa71e1320a279a,2miner
0x1105f92edba0da950d454dd1fa08a16c74540c74,2miner
0x1108cb9a5a335ad548adaec35b3323e3c5f15c6e,2miner
0x110d1bd6db1272eb2be7c029e94efac53877c706,2miner
0x1114029559cf1136dcc97a65daa90ebf2bf684e9,2miner
0x11462f96ae942e1d33ea0ca19041418648c25704,2miner
0x116429c0e95cf35daa90340e44b8ed542d474f2e,2miner
0x1167bca54f7c8350a3023cc7ff0b59a91bcc3f46,2miner
0x11bd70a351ffe4e5518cf6c1d7c92402c81299c5,2miner
0x11f4273ce750c9cf47e217070a63ef844f434aaa,2miner
0x1200c05788ced3fbc7ed4658dc36c5ce55da36b1,2miner
0x1220696ef7654c0d6abb56c2adb9f6d1aebcfbd0,2miner
0x127be4a7707ee339fe4d2a32f0f7fc2a0b62ec8c,2miner
0x127e315f4581d06b4e2a015603f40e6ec0c2347b,2miner
0x12960c5b4f59069d2d25827d3d81e0b6209962e4,2miner
0x12b7293c20feeac66512dc29250921e36f6a7d00,2miner
0x1381149c93e12a668d330dd4c2eb6ee14f8ea698,2miner
0x1384e84fcbbc3368ded5956a16e092b9a55b93e4,2miner
0x13d23a9d1fa08b6736c79b145712f54afe90f729,2miner
0x13ed9947e5fb097763655ddf861e3b7a47f31b35,2miner
0x13ee5b325333badb7145fb7fdc7f548dd56d07af,2miner
0x13f6b1467bc03f9a815c5b2a2f5d40d97efd56d7,2miner
0x14103f6ed4a0652e408f6465444ea6e9d3f91dbe,2miner
0x141e923f0944496cfeeaca2552702d8d155aa9cc,2miner
0x143d9f3f39b01ead0a663dd04ef4c96f3b42dcf3,2miner
0x144d220d63e9c3968d2a1e07c493f5cfd95fc3b8,2miner
0x148271166d8c6460efa7402b573f814c6c28b333,2miner
0x1499ed3a292c1178774d7e8b0be83f16417e1864,2miner
0x150a4fc7190e6190676cb9049002c65ab910d9fe,2miner
0x153edcc9aaa44d61e4677d1d0f0817ad10807417,2miner
0x156912dd0a9411f59acf9818d0ff0fd4b47b600c,2miner
0x1571cbfba459d5dc95765b56e6d752e200bed665,2miner
0x15a5511908d71f37c4db4157da5c673871092bf4,2miner
0x15b8d57c13ad58c6fc4713bb8bd24d83c118cc33,2miner
0x15ba405b9883b3a211ebb674d25876957004f8c0,2miner
0x15c1f42689fd1685649f084a0d9f65689d80889c,2miner
0x15e23856b8e11495e8f096e2184eaacb3d1ef0c1,2miner
0x15ecc56b6d9224a400c63ddc076f2ed5f6ac581a,2miner
0x15efbcf75107833860be8391e603a8e046ecf3b4,2miner
0x15f0d272d442f11293678f022bd675e4f3c48d4d,2miner
0x15f66f710275e41bdb9d0f7268146d48b1c95521,2miner
0x1613d6e79cf5bffe64c34016402bcd8a5b968836,2miner
0x16292b3fc92e4cfb2309b4eaa6fdef2f25f5eb46,2miner
0x163536b383e33598ecf17c23bf9316d1aa071800,2miner
0x163df42e72e7e2fd6f7fe945628f254b48d49ecf,2miner
0x1645cdf2e41e957277d6c68ce9b0bcccdec9cf04,2miner
0x165bd852a837cce823922f593ba4deaf9605a2f4,2miner
0x16cd67af8c4ed34a26d0f68cd0c4411386d79911,2miner
0x173bba88073cd79c2f96af876501d916c1e35357,2miner
0x1748d2103d71e243d772bab526ec928cfca705de,2miner
0x174ca462b284cdecc34f3b678b142612c9a71f54,2miner
0x177687ad9ac83a882037585b7e075731da2da517,2miner
0x178b40b8d581661fb0d15a6637d148b9e5866db2,2miner
0x178da3eb20c4c7b6f00bfcedf22eacdc870ba3f3,2miner
0x1797533d84a1a9f17f7a8cf36b8eb1c1ccd21d68,2miner
0x179d9a5bf6e1f5288f4a8326b40910250c27dede,2miner
0x17ac9305256aa7b6a9175edc846b90468413c8b6,2miner
0x17b4d449de58201d50ad91652486dc6a25489acd,2miner
0x17f8c6507cb637c6a5ebf8d528e247d343f74dc0,2miner
0x1814d11974c60aa85cd3c10aa11791c1dda1c6ec,2miner
0x1843d50fec8e94e88238d97d474256c68c37acc1,2miner
0x186dbd5f7f61b1d7ef28c7893aa8bd4a0ec671ee,2miner
0x187a73a66d40f2d4067f3abd4f3d527a36903842,2miner
0x18852da38b440a203df8058618e09aba9aff7d11,2miner
0x18931f9598efd6775e5999a8ce2e2cfcd954a70f,2miner
0x18e0469ec6a9c54be1d04a94f1c107198eed2915,2miner
0x18eb3e41143f702cbb2d2d8aa2fa041bb8f22adb,2miner
0x193379be1c1e3dce292daff5547743bfffa70f52,2miner
0x1948245ca01d58ff513a55ad368b5a641e72a6db,2miner
0x1961c71cb342c2866137d2051aafa7e9cc24c7f0,2miner
0x19694b80ac7890ed0ab743b646e95dc3f9c413f6,2miner
0x19d029599391c8f93de5c4af2aec6b7dd3cf024e,2miner
0x1a47cf1ce94154c27aac9e518c6a654dafaf273d,2miner
0x1a9b760b26a82498756f49ebb52f07e2a3c7d926,2miner
0x1aa87ff57e8c5da69d1b64b7668c84cd47de3427,2miner
0x1aba3c1d68af7b1b4cc1ee3a169579ca24dd8021,2miner
0x1af0b875bfc50918f91f22771b9cfdc1a8c57cb6,2miner
0x1afd1c640fe9f77f1cccd9f44373248e714b5fc5,2miner
0x1b507c628b017c3986bed8900e0dacbf72c0bed5,2miner
0x1b569452dfe67125184fb971bed813322a11d63e,2miner
0x1b5d644aad7b24aa7054e1c71fbe376d7c9cfbfc,2miner
0x1b9da494cf465a4ce85e757ea1232e1c176a995b,2miner
0x1bccf9c83348edaf6565637ce3d86cab3da4eefb,2miner
0x1bf9a30dd6320db512ec7a725914d416d0bbca3f,2miner
0x1c239f16a686d98399bc1d8324ed6207b689cf89,2miner
0x1c23f2cb991af740a46323315d59dc1bb4fc77a1,2miner
0x1c6e9c3628dc3ec3830fb027112f94b8efd61356,2miner
0x1c8e14cc99320450aae03ee4586b83fa17ded70f,2miner
0x1ce9336755a87fd4d6406f3aa8187859a02cc5a1,2miner
0x1d2bbcab655132995e48a01f7a47db891e0624be,2miner
0x1d3593314d272799444ea7ccf53ee4b38bd2412f,2miner
0x1d6753a6aebce4441dab782be30a353a8f58f610,2miner
0x1d7ab92290bcf6e3823b838707175f78ccc09f68,2miner
0x1d7def7532d7e1b87a13264a7a70847a5cda4b24,2miner
0x1d94436c72ba7ff5970283c85fdea4c9afd25682,2miner
0x1dabc5661ad60f476909585b7ff31d189507c7f0,2miner
0x1e31ada6e9b566e7333392e36cf3b7c58d94ce43,2miner
0x1e4c1b6a0e9985036c4c4b0fd36e52c134923b3b,2miner
0x1e7596aab1fcd6626d6e12e6fe28202afdabc8f9,2miner
0x1ebc34c048bd45c20a2445f5bb636a4f792ac3d2,2miner
0x1eef804d6e8185c9d0fe81b953cee577ed889cd7,2miner
0x1f6ceb65c544f178ad3f47b4256025a23cb7e7a9,2miner
0x1f9a264a95c6f23e8a7e686bd8575bc25c7448cf,2miner
0x1f9c85479def4998bb26eb001abf30f7ed660588,2miner
0x1fb98b4d889a93fc66119a5d4849a550d2d6ad9b,2miner
0x1fe0990b850abd91f1022d85002b8d9f3d70147f,2miner
0x1ff9e1818688daf19c673b7e29f6acead7e987a9,2miner
0x200e81daf52583bd9b0b7c684bd112cbe479b4e6,2miner
0x201c821e7ba63baf9969feb9c810c25f64edfc7b,2miner
0x201f8a42cb0344370afef13aa983b8ee2f40162c,2miner
0x2043f4e05fbe298bc37a3e064b07d7a157b43c92,2miner
0x206c1e4bb65472b356853f8b5f2d03c7618db21a,2miner
0x206f922e633771ce794a37686731f601092ae43e,2miner
0x20b627ea33b54367d28ccca62e6f7860958e06ea,2miner
0x20c1b8d9e443c0a1894433704195c8551e7a276f,2miner
0x20c723ddfe270fa30362784b894534765e8b3241,2miner
0x21009d6d4663809cb988757dae0a8b92184f94af,2miner
0x21317ef7c5eec96cecb2af079d708c9a45e7e585,2miner
0x2148807c2f6debe7e5b7036844d287923d44232c,2miner
0x219f29b6b6f8ba20f15212bba6acafc92c5a6978,2miner
0x21afb2a82c63b1cbec6dcd3ad2033b48751d2ec7,2miner
0x220f6f7c9f57410407857c891650bb75154ee76c,2miner
0x2245f3b333c578f21da1f96382f25317e94fc401,2miner
0x22794eee65f80dea1dc8e5f4443f45a2cb1b6c6c,2miner
0x228061e633e8cad053b43065422f6889440e4701,2miner
0x2281886501dbd1749edc6bf107022ed7de917f12,2miner
0x22c2d4efdd57bc854bd70dd73b4fef662c6b33d5,2miner
0x22ea53cf7a21576bb6f5a4512a1f1cc882fe7007,2miner
0x2335c553979ffbbe680422fdcd4e096fef697872,2miner
0x23600abed759cedca1a4150f2e8b4343c9ac7315,2miner
0x237b54d0163aa131254fa260fc12db0e6dc76fc7,2miner
0x23b34684f8b8416aa16032f0c0926de10c00180c,2miner
0x23d138ecfb4bae55d787e5ad11ffa49533013aaf,2miner
0x240ff1e12aaf4fed7019c7fdb666af0b81f6b858,2miner
0x244018411076594be0b2d7bc9d090e05ee1445a6,2miner
0x2478a4f08b07825f48ffa631bf64da34397af9f5,2miner
0x250078bf8512ae707e1e04287dbd39d4d85e286a,2miner
0x2504ea8c560713a9f4a4e37fe3de56f62e12f7ec,2miner
0x2506b62028e02d8b4258f53abc21ef3d081ff31c,2miner
0x251dfd984af5f95127f3555994c0acea9871cdd6,2miner
0x252101518c79295fcca7c72c7794a9604eaeaa0c,2miner
0x255a7b556156e2ca77e60fe5e6d2ac8200d41b96,2miner
0x257ba5d21d392ea964424b01eef6c62db8f52d0d,2miner
0x25828a834085418fbf32db05e18aa6ca43d50a32,2miner
0x25875e8f9b24c1b4b53011e96d7da734674bd977,2miner
0x25a55b5db5656524be4ca64fa4aa1708cf86e868,2miner
0x25af7031c612ad845a3b54415932ff961cd19a21,2miner
0x261b6197836e6f0c5ce7ee6f4031b9dc6a124475,2miner
0x26284ba947f5a4fb26ca9cca88447de1e83ed6b6,2miner
0x265ab5d7e8dff91b7c3946a12584710b86b2cecc,2miner
0x2688565e7307b8404492b1e1c8ac63f84d86749b,2miner
0x2690538ec83c0658bd946849ee009d5b6d8655d4,2miner
0x26c55789dfc472d9bd1c0cc5aa97b7c8af91cbb8,2miner
0x26c63692cbcf73c0931a6d1b93ab193bc3bce9a7,2miner
0x26ebc695ae8bf2eeac2b8d7ac3345c22a839da3e,2miner
0x27a60cb1e2d245ef85896075208dfca8b9950f17,2miner
0x27ce35f25bf0e46811f76b4f977cf1cdeb2176ef,2miner
0x27d0c745fe71cfac57a1cd10b2931390bcbcd5c3,2miner
0x28226161f8a37e0e1f02690e6c4a8d9c3c85e1df,2miner
0x285f9ed0c08b5fcca928eacfface3dc2b7e01af3,2miner
0x28ad9408ed2c737ee58ffd2a9e5dd862ed5edb13,2miner
0x28bdc339dc3ea15b78a5cdf9f451519339d0956d,2miner
0x28cf6f51fe562ef9f8b9a7cfac175dedd567e433,2miner
0x291cd46c1d91f60450f2ba0e4e411322f7aeb05f,2miner
0x2994e186128d5fe8471496f09f0c3669b5103d4b,2miner
0x29be94728988a68681fba56ffffa7d65cf67798f,2miner
0x2a04773bb4e6acdaaa47d70ed549f2da185ddc54,2miner
0x2a209502116f5b192a0b32a797e841ae0617ad9e,2miner
0x2a472b60430c34b014c5df0d931716e3fc175995,2miner
0x2a4f6708fb04378b2a150875d3e5dbaefa995dfb,2miner
0x2a5905b0010c16d7b98600917e166fa00faaaf2f,2miner
0x2a78900515e450df29608e583e57a538b3bcfa15,2miner
0x2a7d7cb2283c06fa00480abdddb168dfb74fa7ac,2miner
0x2a99309ae803ffdbf4973e1d0b3acb7a3110a94c,2miner
0x2abd72742a57f3581e32f662f8657bcdfdfc9eeb,2miner
0x2ac02167c1c45d661a031076e5e44491416fd09f,2miner
0x2ad83859bba7130c1e36fc419ee395593c1c9c3c,2miner
0x2ad9fb6d51a6082f5cba93f52002d5f479613bd0,2miner
0x2adfd516d262c73cff325cbc20a9cedae37f688e,2miner
0x2afdbc88cea4696cc69dc3ce48a4ad0270ba5660,2miner
0x2b19dfc824454f46e3768c16dc3803976eb7bc3c,2miner
0x2b3a6b02db201d537d7d398352d08dc8ac92df3e,2miner
0x2b8e5e3c819adefa8f8bad15a5361dd32912b0f7,2miner
0x2b9b56f73dde635b069c4599c8f91e429d50ae49,2miner
0x2b9e903ae36bf20a0f3b1fb02b04cc585afe1d7f,2miner
0x2bb5ad899d7e8d89b7ef5ccaf4d30bb20bc44aa5,2miner
0x2bcb535087b36e1a68a2850bd6c5443e88b7ad12,2miner
0x2c0aa280df3d0afbcbb1ec4e1c9c06e1f7c96228,2miner
0x2c5886803d15677a171dd664c91f14ff71cdfb97,2miner
0x2c7e47435309281f3cbfed63dfcf75382d44068b,2miner
0x2c8a9db647a3312a46306b510150f1a052deead3,2miner
0x2cda8719ed35fb566537664f46651f47cf9b107e,2miner
0x2cec16fdd56561aaa2a679fb1de609cde313c666,2miner
0x2d280448c2c9a118be7aac5052a92c15a26fc5e5,2miner
0x2d50465ebeaadf4d3c6cf3cddedc956b9f070c63,2miner
0x2d5363f2c2415314e250b377c7cb4ed79d33f137,2miner
0x2dd837f6759efa7b4bcac5976ef0b9120878b575,2miner
0x2e1d8381bcd2cc15567e5dfbc43840d9c382ee63,2miner
0x2e24bb0850731e1358efacc96633ce851c24e1d9,2miner
0x2e9f83bd3205c379a09c10e00a9835075cf1a618,2miner
0x2eeff169cda59265ae2d0db7d920be229ae1ecc0,2miner
0x2f521b65ea276ad3fc1c60d3ef792180870755af,2miner
0x2f5dc432812b1cab86a3a3c265589bf4f3572c96,2miner
0x2f936d2c07523b9ea0befffab451399ece62968c,2miner
0x2f96efa2e78285e531584b370b74da1a49bb59df,2miner
0x2fafb991c5ac3adda5bd0c284623e32bd856281d,2miner
0x2fc9d9755e3e77858a1e83a4c1e18fb5674beb1e,2miner
0x2ffba1aa99720331f043728b3f68212ad148ed6c,2miner
0x3018abeb8c23dc32146af67c39daa23b0fcd3eec,2miner
0x303e2b0cfff35781dcd32be257242df23fa9b71e,2miner
0x304ebe2ecc6b712a0c8dee3d7073d309a06c87d4,2miner
0x3050c82d958c9ab7c354cf2af8b8249c14f009d4,2miner
0x30515c36e2f7776d9a5e6c4ed3112507f583521d,2miner
0x305b1b803b498bd736b431545a6c99248e97521d,2miner
0x3068dbb116330e31d4f3c95322d2720b4f033a51,2miner
0x306ea8b298a753d3d84a84890243ca2916b124fb,2miner
0x30792770b405b1430577dc2da34a18a080948a15,2miner
0x308257f4741a10ca202aebe293adbf1b519f89ec,2miner
0x30de3d9ec9091e96969392a7a0ed794605da0021,2miner
0x3150dc3d98096c9463f8bb410d34ece13c1e7af3,2miner
0x315af0d6f2352daf8dbb100706aa92c60e5c3d3f,2miner
0x3175319a30bf3e47ee3184dc4caa0e7d2cba5a81,2miner
0x31947d58e69dfdaa20707e5daf12fb00ee7524ee,2miner
0x31ebe247869fff7d2aaf6199f6ca4fe3ec33cae9,2miner
0x31fb81ee08a55d7ea75856cac08a01ff257e4bab,2miner
0x31ff2bba788305ad45563eee29db082f540d6719,2miner
0x31ffd3487ed413e6b56f04b9c77c1e08ada1d0e5,2miner
0x3217222d68c366a8e02ff234356ce2a150952c67,2miner
0x321cff915bada4977ca353947ea994eeb8c4b114,2miner
0x3277eeb2d1444180cba1af2c230788e7e4675f8f,2miner
0x333c417633c4870b20070deef21d300ff4b22882,2miner
0x33b319f55bd2382536a3b9ad59ae6c07c1a79fde,2miner
0x340ce5469dbde238f4aa606bea3fb62a9857a22c,2miner
0x341e37131968e88813115ff55c1822659ef1d0d9,2miner
0x3470763b1d808c8e247ea5f1d05c889fc8562678,2miner
0x348df9e1ebf47e1f012958291edd479b50317db5,2miner
0x34b2aec16cd2ead37c73caca4f065a78b0a238d1,2miner
0x34b97804e41494af9eb15cfb2cce291d84ab1cfc,2miner
0x34e2b44be436754e5fa940f02739f2d2705af83b,2miner
0x34e8f76ef28edc00725060adb6e71d2762284aad,2miner
0x34faaa028162c4d4e92db6abfa236a8e90ff2fc3,2miner
0x3509f7bd9557f8a9b793759b3e3bfa2cd505ae31,2miner
0x35391ae362ac7b0808cafb05442b51d4ec8b8409,2miner
0x356d81a87e4d9b024257122b28c77b33ed067659,2miner
0x357c966289d5f77668b3729bc92c15e54e4464d3,2miner
0x35887107b1ed42a39b3c0d91982c6b8df755da2e,2miner
0x3598c53a08a5dee51337ad5c288bf8a925f96f1a,2miner
0x3599399ac6b1ad4b312a22d64f6682d8a8dd6f25,2miner
0x359d01af789cfc57907e838724e796cbd486ba10,2miner
0x35b185ce69f696257aae05daafe24ae01315c741,2miner
0x360aaef313bbbf12d4ddaf490e2d00ef2d4824d1,2miner
0x3624fa1350322730602bfc687f03361503517dec,2miner
0x3626e4305bc5b7af1024ce98cf340792ab8026b4,2miner
0x3693dbc8d3ded4643f52cb14168c52f0fd6d74eb,2miner
0x36a8b2f576d2bff66cef8ef08cbea486bdfa1529,2miner
0x36e26d0069ff913d1d18e71dbf82a3a19b3080d8,2miner
0x371825d37ea0ab98b8c23b8b531af7edae60b04e,2miner
0x37406384ad1335309a974409b166cf86c2cb7b2b,2miner
0x37480533ac6e7045bd3a77e766033e004360f08e,2miner
0x37ab2cafa6bce0fd942dc63db2d95a38040d0db4,2miner
0x37fafda6f28f5bff0e4f9504faf1ceb048f11b8d,2miner
0x3805ea545b204eda44b79acb0311f969a66c8e4b,2miner
0x384508cd86d49e11fa25ac47783fb1a6f21bf114,2miner
0x3893e24df612e8cdcb753e4cec445c3a024e92e6,2miner
0x38a0743bd89e223fc1b4d7c07863ec93360bf5be,2miner
0x38c70bf8eb2f41ff3901f1a33d9188566420180e,2miner
0x38c7bc7cde24fa44463c73b7758db8d5ef12b23b,2miner
0x38e139d3d0c42d96c47904ff7ca0ed6d3cb58876,2miner
0x38fbe45f18ddf3af151e9a43a9cf0858c48daf24,2miner
0x3926ce3f165cbbaf9554986c48bb2edb758fe158,2miner
0x395a26b77bdf361ebf116514c1ec8f12c6a34dd0,2miner
0x39742b04d6ab0327d812d8eb00d396fbe54abcc5,2miner
0x3994a2a6a9d137a1dff378498e1d237c2379a715,2miner
0x39d92e3d35b438786581dc082c8894858e9dc699,2miner
0x39e7a0bd6ca0497ff911252d9dad3b80f183d12f,2miner
0x3a0e6048fbdd0fdeaa125fb61b277ceeae94eea1,2miner
0x3a6abb21335f6c732be47d8b03d6f119fbf0abb5,2miner
0x3a7f1d1b3dbc8639ef30cbd2e7ebbf6a6dabc198,2miner
0x3a8a8a096531abd365d5ceb44c01b6f95d64d848,2miner
0x3a982de3e470d81eb60b4c6019d88242dc676909,2miner
0x3aac5e10f2b8760777f850f954d4df98294a1ba6,2miner
0x3ab71bb484ea19502b9e7d2ff7e64f33b16bfe3c,2miner
0x3ade9ef83fb018ac444ae5be6abacf8a0a22df38,2miner
0x3b13126ddb7e3a0817740030cb2234f2dd64ce90,2miner
0x3b29118795886c978b6d842916c5a58c45661bbc,2miner
0x3b6cacc535328be332f9d45845d2169950dfa9cf,2miner
0x3b6ebaf493db149500228906460f2496eb8d1494,2miner
0x3b76b8ae48afbf39bcd85b6e1810476f53fb94a8,2miner
0x3ba470cc5d48e60c3cfeda6edbf08743c5a06b5b,2miner
0x3bb4073e6fc8c5ebc78304b828723c9ac91c6b26,2miner
0x3bbfd19035f09fc1f5b214a3971e194cb065b2e1,2miner
0x3bde05844fcf44f18a0b1d9709752bf45a6672ba,2miner
0x3c43dd19a878d2e51557e63fd90298970000915b,2miner
0x3c45067e3b97333036fbd200e6c4dff686c7934c,2miner
0x3c478e45843428deb8b08db5aa431c139338a839,2miner
0x3c6f00c0322af3729c26550af43eaec6d5b1cae9,2miner
0x3c95453d20188313cc6a7c59dea20d3d5b689f58,2miner
0x3cbb80057fb2ebac0f605fd061c258714ad7061d,2miner
0x3cbc63258731406c67a19fb30de07005bf9072f6,2miner
0x3cf69e8f551530eb9c2a7ae733d478390307d170,2miner
0x3cf979defa37a66d227db6142b8d7bf5e6e6400a,2miner
0x3cfa0796268dbe80f5a3b240cb566e649cd645fc,2miner
0x3d22d721f994d4316cfc293c48b2af89e55a308e,2miner
0x3d3111b466f150560c7d1736d405a36abbe4ad08,2miner
0x3d3bdfb32b8077e947fcbcdd2d84f661682b399a,2miner
0x3d5271b9d63fbd08a060c00f6335f006ebdb7dd1,2miner
0x3d558920f47e71d6d92653cbfeaca2e92bafae9b,2miner
0x3d69e0eb027bf81cf1d13b053559cdf3167d4af2,2miner
0x3d8bfa4de3c4e87fdbdaf67e3cf893308014204d,2miner
0x3de1584b5bc1f613ee74452cfbaf3fa9a2bc97d4,2miner
0x3de8f22bf367771e9dd22ba81e530e5e7ba0df9c,2miner
0x3deeda5d47f87fbceb28f0f17ccd296825ebebe1,2miner
0x3e0ce41b37f651c2c1e1b0154f32254d970f82ef,2miner
0x3e19e73c0269cca9286fb6354ccebccc53548ce4,2miner
0x3e277b6949c705aeda874a13dae3d74a6e77012d,2miner
0x3e63aac5cb103131c256c275d9ba144196fd60e4,2miner
0x3ea81b7f39f60316db0900452cb1e640de6aea9a,2miner
0x3ec2e02d0b8607e41e73aef23d81d5649b3f567e,2miner
0x3ecd08ccc6052b68a9b4111f44855a482576de3d,2miner
0x3efec9adec4410692e58827962e66f942b12f1e9,2miner
0x3f5424fc0bbcb18bb5b44065b78bdef425f4e783,2miner
0x3fa0354f8b2da1d67871bee48de7b084736518bb,2miner
0x3fc739835349e030ac667367910ed60d2e22a422,2miner
0x3fce173cf06bb5649a764b5c86d6ee50034b49ee,2miner
0x3fd70200e5eb474ca9f3918b04f0a09b17856b65,2miner
0x3fd86ce042e3a5a83453eabc989e6568a8723d07,2miner
0x3ff7439914f0c699e9eefafe979cdf2e0216e0fa,2miner
0x40004cc46ec2a4138965b9cf1848ca3a798b3510,2miner
0x400232669d172ed339c1217b14ced9fdedbee6f7,2miner
0x402ac69464152b3425aa2d21d2140d189b948629,2miner
0x4052c52638ec3206fdbd52c46b7510c62b91c37c,2miner
0x405a984f294292ba09a35c740a269bed59cc95cc,2miner
0x4079bbbf8767145719117feeae176222609fd7f3,2miner
0x407efe02271c5a1bf8a9c185d3d32d94d41a290d,2miner
0x409080e32e0873a46a974b32672de3771fac13ee,2miner
0x40b7a9a1255d12a74aff8ccd093889428ab60bdc,2miner
0x40ca34b12fa1b42080d2d0cb146382bc63bb050c,2miner
0x40ee3c6e0956efcc266d6e4f395de0bd51c23b42,2miner
0x40ff320a75bd82f83c58045e0d4163734bbdfbda,2miner
0x4116c12bab7e7cafac0619d5ee71393bce723833,2miner
0x41964c77329682a5297027642f979f4525b6c922,2miner
0x419990643ba446cfcfb66bfa4f1675476987c9f9,2miner
0x41c3738ae9eee5168f381678c7b10262e81b3541,2miner
0x41e2ace731ff0e9783b429901f20ab9e1c81780b,2miner
0x41e4dcfb16c199c2d69b1425fcbdc1d2f2fe3ecf,2miner
0x42033f25a359a90bb56198f4ba1373cddb040cb8,2miner
0x4228593dbc1f277b157230e4174e11bed8dcc40d,2miner
0x4231d3d47b1f56d27bcf0866bb1c59628a760d9c,2miner
0x4268b8eca632da342e98bdc96bc1b34f72fa16c4,2miner
0x42cac1ae88058e960c8a794548a4b0c3b304b91d,2miner
0x42cd1b91396184a596d956c0e4887fb398b06b62,2miner
0x43aa3b4a535d9ccfc020ee07c87dad428fd435cf,2miner
0x43c57ea214b6265a820ef3cc4137ffdab9bdb11d,2miner
0x43e4efa7b3c043b2c88a6deb7e666e17fc702730,2miner
0x445dc10125c30af7533bbd1595e6b17961490fe3,2miner
0x44c74e6ab5b1294f834f8864c884f68459678796,2miner
0x450c4168f39805f1d5d46388f0dd38e1bc51ac95,2miner
0x45149447a4664e291c302887dc36c94347e7d2bb,2miner
0x4519245c0cae9f1a0061cc1b6395cdf98fa9c622,2miner
0x454c401f45dfc2fc17390d33928f109d1ca2ce08,2miner
0x45b27d13daab1798f2d9184a19c3101fd22607ff,2miner
0x46187c8220bd4a30d0f9850621cbb8fb5fcb3c2e,2miner
0x46a9cfaf40f36c0b6a7e5c7fc54d0c8fb7ccbcde,2miner
0x46b9e12d52569787bf163f6da866e198f64da26d,2miner
0x47137401bea06be61c0a13c436034012b0e7a21d,2miner
0x47dd389d21a5cfd79b13e876026dfcebf0f5c4f6,2miner
0x47e16f33512d29fd06fc05c0691bac98419a4cd4,2miner
0x47e5736561d695ca14441e8b438e90a7eef3bd35,2miner
0x483976a2f1c4181d638fbe2de7f47e9c462e5287,2miner
0x483c8aa504896e11180bd2ba1b14002f221db978,2miner
0x48432703080990b03e9ab26edaf4472af6ec03d6,2miner
0x48496f1c867191e101df4707861af9ca052a16b5,2miner
0x485c54bdd1ccaac0df89a17a6f76ed92c0363409,2miner
0x48eafd0ab950dbf61f67df0afcb5d63eeeccb35a,2miner
0x48facf61d068f9602cb7da44021425bf367b7295,2miner
0x4979b3fbe87b1eb4e3c04495f9f76302d8fe6c8c,2miner
0x49a64deaa9f381f33e2f6e799316e4189246a8c7,2miner
0x49ae0803c3396b759d0a29376bc1a51d82dfe282,2miner
0x49bd71f319768392dd484f139d480f1697916e9b,2miner
0x49bfdfa451733fb1dab61a1927b9c0b934a4e61d,2miner
0x49d262dc234609ab91a41ebc98ae806618861384,2miner
0x4a05d5f2dff0c514bf1d9a4dd3ade514221b7bff,2miner
0x4a170342c88e3f5e356db9301203bee122550e9f,2miner
0x4a46b4820a2e72ff2e9c4e6255e37684d121fe0d,2miner
0x4a48de9f14a486713a87ca38b8a6c37c546783c0,2miner
0x4a5d48fb6f5aa2d150ef9e5659f922db1cf5ea81,2miner
0x4a731580139cb96676ffe363825c3aa3781e016d,2miner
0x4ab05f19256e52b007cedc69af01788a61ff6d84,2miner
0x4adf509a34d5df28d72229bbf955d2acba843730,2miner
0x4af112dc2c0a67e042bc77c16a7dce53b0759f39,2miner
0x4b0f183f6be19e819d82c6bc1addf629bcbcb0f9,2miner
0x4b1fc7059f4ac641b696edef8bf9540f2e614914,2miner
0x4b40cfe04b02a8e02a7e441cf36deda5840f95df,2miner
0x4b460cc3558ee6ff22b11f7aa889d10b2dbaad53,2miner
0x4b51337524d2b4da7dce99a5c17ebe3bdd07d74c,2miner
0x4b56bd1876d54c6ed1e948bb814dde8f9af6e35d,2miner
0x4b5d29d1a5fa15e7cea1a15052555c3e17c5f741,2miner
0x4b74cd3417a28867d6c2e594fab5313e5317419b,2miner
0x4b7a7d8f558772b1567fff014e3af89e49e7bf9f,2miner
0x4baa54b449ef012ff65588b5d01b78fccc7efbd2,2miner
0x4bc3352f8e8a651c778970127c5af9786e5a9098,2miner
0x4bf3391308e8542aa731c4bec253318812223c1c,2miner
0x4bf6ec951766622b8dbc84eaf0294a38c8354049,2miner
0x4c4b2c251e338932fae6981b27b72a334ab2dd1c,2miner
0x4c7b5a883526e7d6049945ce76da96a91de56a5e,2miner
0x4c875ee1f51855bda525710cb3ef99253ba3d632,2miner
0x4c9db58e755b39d9f63fd0af3aac57a4c6716794,2miner
0x4cc83eb9d3476ccbb8308a9e39f5f2b2a07d55bd,2miner
0x4cdecb7f40809670b27c65a086103b5e081a946d,2miner
0x4d3cc7052d6e46777efba333de333d9a8f4c808e,2miner
0x4d6510ac14e1f3d32b26a151a3653f13920a21ef,2miner
0x4d679d3f8532b1abaa251cd16c8ca3019a195876,2miner
0x4d79082bc660d3a4d3c5999857ed6731d222a889,2miner
0x4d99e09f1c82adc66e70e4de9f33e6b108a07730,2miner
0x4dc8d0e32a9ae2711bb8c67aa137821b506dae42,2miner
0x4e4d26deda434f064f9e657bd7a82c0ce3c04d73,2miner
0x4e4ee2dc25811b252d73dc3436703b4a3591dd11,2miner
0x4e6beee791c30f9ec28eaee087f0fff4a65b52e0,2miner
0x4eeca8d66a14bf4212c810c2147f0fff575b7931,2miner
0x4efec724ce4e079eaec6761ae6bc6f94b03ab4fd,2miner
0x4f390d3dcd5a500e4efbd324fdde808a14b93624,2miner
0x4f635177b43a3f8d424070fa6dd081c09383ba11,2miner
0x4f66ea4a107fbba35a57e4e59e357d10783630b9,2miner
0x4f79b36e7140f8cf3e70dc85470276dd34107626,2miner
0x4fc74450e20f15d37803154cf2a88f0eb1d59ddc,2miner
0x4fd8434045409ba1aad473d4db2e55bab276eab6,2miner
0x4fe647b0775ec0d6a8ee303a3fd0f5ab5e9b3086,2miner
0x4ff3cad5cc2d860db0e2ddd29a589a2bcf667d01,2miner
0x5016920e9c04442e7ef0194055ae6b10123b46ee,2miner
0x502057e85cb6cb78b90ced7f588425b635db2189,2miner
0x5034eb9a2cb4af4e3e1165a2f4355ce411b168bc,2miner
0x50b3012ec9abbd0394205797694f62ba1d7b2175,2miner
0x50dec4d279567bfa824be6a626b515abd0fa263a,2miner
0x51416741e6c24e2feb1fe3d364b1fd3e0c087806,2miner
0x517d74a21c7b1afcd3a6bf2154da5010617417fc,2miner
0x51c75d635107367fbc94dd9722acc9a5a6a4af62,2miner
0x51d0f77d4c37b9b3e61d7e84a08b3859f479bcbf,2miner
0x51d1d7fcaa99e28df2ceb57eb49f25e1144186e0,2miner
0x51ea6bb9b0dd984fbb35f3c81dd4b62ca74dad8d,2miner
0x520c51095225e3c3fe4c08ac3306e8748302aa24,2miner
0x5247d7b1fe75a6ce9481d7e96acb73fe46e7a69a,2miner
0x524ffa6a100f75361f49720476a146e2e19eb2b2,2miner
0x52b8229c04fdf2b9a4c95471e2e25027fa8657b5,2miner
0x52de839dd49f996b95991b97a14239c5a6bafe66,2miner
0x5314351a359c8f36496ca764754d5427c7062496,2miner
0x534dc4f57f77290d3cce0d2e712b2bbb61773ee1,2miner
0x536bbf4b1cfb7f485766dd163e7e342e0ab05ef1,2miner
0x536ed70b755d988a3055af6a500b84450aae5d88,2miner
0x5380378a2cece2440c705eea3223eef269176663,2miner
0x5387d1d1ef30325ae0f258ad6a70de3249289699,2miner
0x53c254ad8ebfd3249329d33acb81533c016d6eb3,2miner
0x53d0e76711b13b5df8b88b8051f925c9e0901677,2miner
0x53d7ddb6ae8e4aac36bedc11bf6481d233808295,2miner
0x54194e5e2b4bfce81e5d386e9d9bf7c2e91cd28b,2miner
0x5422f72e71c6013b2dc537a5bdc364d2fe1ea3d0,2miner
0x5423b77cd65543d6446fcf7c209583759b7e9d6a,2miner
0x543a210da3d2d7be69d775d0fb07188207d15db9,2miner
0x54620a574a958e2a3044a03818756f546a3e1e6e,2miner
0x547d57bb686b47c443e2392aa629998b328401c7,2miner
0x54b8f677fa8a3b6c0aeb93e49588f16f0ae0c4f2,2miner
0x54bd573437f4e3abb0563a222ec05196512f5384,2miner
0x54c89e06ae3319788a95784d4a6ad47eea971595,2miner
0x54deaa19e588dc17368f8cb1b85004016af38875,2miner
0x54f7c239e5b9838a09eb4c7e64c05a05cac4ea48,2miner
0x54fc2eda1531ea2f22737d8f779b8f0c4704702e,2miner
0x55090b97eb0cde13658884d77c652f2d795590a9,2miner
0x550e2599b79d9fed6ebbdb46ecebadc31adfe9cc,2miner
0x551639b38efab4fa8534284b28b73654a3e67fba,2miner
0x551ea78b45c964069e765ae10cb5eda200a249a3,2miner
0x5521677480e948d872ad82b180731f809fd4b0e8,2miner
0x554dc910658f3b59ae2c5e003d86a03108b4098f,2miner
0x5571b0223125433babf112f083b5ecd7414e90e3,2miner
0x55b97b901f6abe966c825b9dece911113ab58cc1,2miner
0x55c308af85d1c325ae431b13df9752afedc38d19,2miner
0x55ea01ad1fc4a136415fc8496fc3700b834d4a3b,2miner
0x55ebaca88a5a1fb0407506a482c01dd45f2146fd,2miner
0x55f1f12cc56178ca8516c7ee0c75d0d222f0559f,2miner
0x55f75e0eca6edd4067f85b018ce97bf6307f1800,2miner
0x56371337f29dab1ec3d4ac012953b54d7b942c9f,2miner
0x563ebaf871a52f349f1ee31ebfafc745646749f6,2miner
0x566f77c31f8c68cb825dd156c3fccd1356326acd,2miner
0x56ac56640d2e33c5a895f974c94d14fa3c1ae7e3,2miner
0x56b7e9a5e06e27fed970fa25822ea4a0692f9529,2miner
0x56becd1b47d7ef4aa099caccf7e8749d7c9d886e,2miner
0x56bf1e08743b4544583f7efd2629f8b03ebea320,2miner
0x56fd3e7cd691ce675e2c90576712c86ee496b51f,2miner
0x572729921f951994889fd90ec3ca1156f16df61b,2miner
0x572d11788712f2299214dead1f8306c0857031e1,2miner
0x572e6f12f68929c70724efd02cb06b8e6071d065,2miner
0x576c9afd4b07f80859295dcb30af6dd75c8e207b,2miner
0x577468ca09f059a4552762e782f69c68b232ad06,2miner
0x57925ba6f101b2bdde9332fce9a1156848afe9c7,2miner
0x57a8bd2fbb79d51780389bf992bfc6372d78f1e2,2miner
0x57d45826b4486cb784d4d52d5749d7088a5c1084,2miner
0x57dac46ed065f55e20b05612c9a28de2e79a8d43,2miner
0x57f32db69695ba487391c2faee0bb30d26e2a84f,2miner
0x580a5d4b58b2beeb63cbd6801929ce47dadcadf4,2miner
0x58485397b5c7e20fc86e48d6ea080ee68afb293b,2miner
0x584bcbd028f5e0eb0bba0dd6f98440f07a490a70,2miner
0x586cd30462b71caa0ff7f6b2ad4e45f8df56ea6c,2miner
0x58dc1c8f4c8c93bce5688e9e09832d80d53bd58c,2miner
0x58ea1115f42a9c51f60d98debfbf00d6d8ef4697,2miner
0x5901193c6efd47cc953829e27a1f10aef3d6ee9d,2miner
0x5911fec5886c5e011ee1be969e03f79b4fe7e7ba,2miner
0x591ac4c243823189449d2695c3c0b05eb82e7d84,2miner
0x59487f71aa9c878e25f25dc5608c08ef52bc0bf9,2miner
0x597604a929935b9cf30764d82d4555b8511769c6,2miner
0x597b1a3eea1aa084a2f34dc093d10dbf517d7d46,2miner
0x59a5c576a2e54d4bb9f6187d79a1389fb425853f,2miner
0x5a071c2db9eca27f4fccf414846ed2b4650b1ee1,2miner
0x5a0df7554a2e404f54efd1f8d3a523f42f9b75aa,2miner
0x5a4e70b2976aded88089edfd5dcffe6771cd079e,2miner
0x5a51b056c7594d062d9301ee5b58ea0740691365,2miner
0x5a79ad7b406d7b4825b63645ea0185288025c5e8,2miner
0x5a97fbc6ace0f30d6758d13ce1b3eb1444d50812,2miner
0x5a98857234dc334038d23254db32093461e14a08,2miner
0x5af6c06bd01032544b583f3cba8c7771c277d654,2miner
0x5b2d8c24e49cd344d5f6adf284d7a7b2ea7c9f35,2miner
0x5b8ab4c14b4b9cb69ed3425304641bf5d0d4968d,2miner
0x5bc709140d4b9f2808dbc2a5e7183ea11f7fa0e1,2miner
0x5bf8ff9a9deeb66c0f5e7453a73db73948666d6d,2miner
0x5bfa6d5f2a956f6991dd682193a60f324123510b,2miner
0x5bff63d0341948837dbc30b33eb04df64aff06e8,2miner
0x5c2f9465816c2bb6f0752d6e612a40d3c9fc8405,2miner
0x5c6c900b36cdb63d4cb516b26750dfc96487b459,2miner
0x5cca0a4f77c90783da5d96728a74ebbaa426ddba,2miner
0x5ccb45a42f6a4e5ddc00f204e03524e6faea498b,2miner
0x5cd2f973ef1ec2cf8a5ceda45090f229b7cd1be5,2miner
0x5d0895ceea0778858a8b07590a78c06fbecf84fd,2miner
0x5d7154abe88fc7267ca6b42df79b65ae17b5f370,2miner
0x5d7259c17e82dd62b569628f29ff2f7edf0a4641,2miner
0x5d842031e615c80e703d94b8a3b53c751a4496da,2miner
0x5d8fba4deaab7a4333d363277146585df3692695,2miner
0x5db66061f86a29925e401f6804c65fe01494aac1,2miner
0x5df79750887aa7617d9b85abdc16466df61ac9b3,2miner
0x5e487b9166d98f12a886748ba6dc0ab79387011e,2miner
0x5e5197188f5b1810bb265c65f83b991cd6ae2cca,2miner
0x5e59501d389d3af6463555c2a8d13537dcfbdaf8,2miner
0x5e868358250a3951986fc741c95c573544620ca0,2miner
0x5ea80d4116aad999bd7adcfb4326b20884637391,2miner
0x5eb5c0b042747a288983c67ce6ac4c097133a797,2miner
0x5ecb3bcf587de105897b112c0d43daa0231a7a20,2miner
0x5ecc63de63ee5634cd5d441e899480482781810a,2miner
0x5ecfa005980824f0f13afb139087ce7aa6e6fb66,2miner
0x5ed7fd9acbd567276e4612543e52556106236cc4,2miner
0x5ee4e05212850414f237671badba7d1f2d523f90,2miner
0x5f488da7c53b0a4e48439d2dcc1e9d2c3a73a6ed,2miner
0x5f4bbc8c6260dbdf951f9201703eb16c617a1c8a,2miner
0x5f68a24c7eb4117667737b33393fb3c2148a53b6,2miner
0x5fcf09e6adafafec355188e8fcebe0de889d8ef9,2miner
0x6013866e2083a43b0e7cade3a2fd3a5cba448d16,2miner
0x601e3810a4cec1192451aad6d2d964779a1fbace,2miner
0x60268796d57a1320032787de9be70cebd039cdda,2miner
0x602692fc8bc4fa736da4bc3d3e2a09b83d2eeb0b,2miner
0x604ca6b30f3c62c805c6333e0c9c81b91da3f1af,2miner
0x605a7959ccaa368c7bf598fd4b4d0c4ff88c9815,2miner
0x60e0c6c98ab436c956c919c6b94767584a424344,2miner
0x6113dc6542026982d7c94a0bb16e4696523a6383,2miner
0x611c0e53ce616e04e2d2e91809856243ee595bb2,2miner
0x613e7e7636c6b7915c337cd31412e5ee9a0bea1c,2miner
0x618a4429184df8437bbe406e78fb80cc27aa8010,2miner
0x61b4106a4169d94d6a9a0c266412245d3ce637d8,2miner
0x61ba4a95307cb266cdb56b3916c60c54ae2321b9,2miner
0x61c24d8145abfc9279e7f57b5946bde5ee572f87,2miner
0x61c71eede6f99b6ecbb88732a985017fc9025865,2miner
0x61cf40d138cba687730a1fcd2f17833f4f20711b,2miner
0x61dcf83b375ffda44f91d51569b3b8695f860a2c,2miner
0x621eb6134ea66bcf67482b55ae0504dc89bd8456,2miner
0x627383076f4d49dc35983ba6bb06fcc1b9668838,2miner
0x62a277e55804f7d406a2558c14940ecc955b1b95,2miner
0x62bec8fe76d61d9679acf0cd1f5c73cef1e912d9,2miner
0x62d41fc8e656e38c97dee925f682e9b06199b2d1,2miner
0x62f3ba2e092be33ef09b563a169a453970678a63,2miner
0x632dace82c3966fea923da24e6e6ec662c5fecdd,2miner
0x6335dde15073383771629f26f7bdd291cb2b4e18,2miner
0x6351ef7093b9f261665026d6a28b976dc09d3e11,2miner
0x637c661e38a684e95fb296ce6e676b71c1c9df00,2miner
0x63c56ee359723971e21fdaffdd6b4c115bedea51,2miner
0x63da051567cd7759a2872859e24f460d99ccd0fa,2miner
0x640bda54d9f40027faa4fb5d04fd16e1104d0604,2miner
0x643c5bbdbe66fd3df37aeefc0ef3522b4f337ab7,2miner
0x64702dc5be9c482dfb473d7de2fea818162e65aa,2miner
0x64844441a0d3a22bc33c80f510903b49ea427dbc,2miner
0x64898ba309e9a3f7ae2c3631e6d0d77e9185d4cf,2miner
0x64d4673be96f202d3084a2dc7fe484b3e6dd8920,2miner
0x64de7a6043994067d522e3e56cd8e53b32373a67,2miner
0x6511956c6f261c13c94f445d0f47454a0950470a,2miner
0x6512d12e2046fadc29efaf32d4124923ef0e7ae3,2miner
0x655160daec31c8e96430c2cb205de792af40a394,2miner
0x655383661e577bd13f557f33e52639ebc91301dd,2miner
0x6559d0f9624209452b5bf83e0243a36e7ac91a2f,2miner
0x65603c90160ed7aaa2279778b28ccd8e1fe24870,2miner
0x65ab64cff9df115264c482b81a4ed95e719fd993,2miner
0x65ee4c42c0aa9d676d160fff0cd41ed59d51ee47,2miner
0x65fe97ee7e9091941cc9daabb9dcf42526d0dc5f,2miner
0x65ff9ae8ccb01a4d0dde7d731fb97a0f4bc03d04,2miner
0x6614f289f4ead162d8dac36b0662724186c9767b,2miner
0x6625c125c0fc4eefce0b1dde2ae9c9ae7fdb1514,2miner
0x662df4935ec76ce395da2150855d2c0e357e7f31,2miner
0x663a5bab3bc6b216732ba6a1663130b1c712c3b4,2miner
0x664254957b416b15ee4a881b59deab3c4159e549,2miner
0x6716a61cf16e7bbb5349b018998db5ffda498f59,2miner
0x671bbb13bde1e3ade9f203e97182425a1bb1bd64,2miner
0x6733c9abe52341d1cc5ad8a1f0e6ebf2d952a8bc,2miner
0x67746ef12ccf78d9258e11edbb88abb6edf48bd4,2miner
0x68108eebc0a91be1e8a4f532a59700401ffb0f23,2miner
0x6810d08f46f7cd8ec6b4a914b62b23da8185af5a,2miner
0x6812032624884cea59ddac4951b0488b31557ca1,2miner
0x684939e8693a939f4707978fafbe408d2064a7ef,2miner
0x68522453c5370de8a3041de25cbc3bcba14c7313,2miner
0x68544b001d9309d3128bf9a9b13a2baf84f999d7,2miner
0x685be7c746fc0f5db4bcee2214d3a2fd9a95387a,2miner
0x687ad30241db8da5d0cb295c1cfa74a2f960c720,2miner
0x687e7bfd655a81e3837b386afa66722b7d3fbc54,2miner
0x688dcfa2cbb4bb9d01ce46fddcafafd68fc2d20d,2miner
0x68ec7f0d641714fc926899c96e8dd6c6cef3bfba,2miner
0x69289d37705c166c3fa469294305fae1d6e86c1d,2miner
0x6941ea8e6848a743ee2c9ac1bee30ae041eb1f64,2miner
0x695f2c83530af4fe87c6c6708aa4bc2167041bf1,2miner
0x6995c01ed516049b014aeea7f50a57e0db1ec8a0,2miner
0x69a79caaddecef02bd7f860c97048d9aaefb59af,2miner
0x69f89b93f0970d02dad05617748db54c5acd70e8,2miner
0x69f8ce3f85aa000266c0c06e46bbf5cbb288be82,2miner
0x69f9e1b68bc2c6dc2651b13b238fb9a05cebf8c1,2miner
0x6a14b1dd66d1ed3a418383c76cd259efa3abd2de,2miner
0x6a163b028e80cb2f7535320f7cd96b592d3174af,2miner
0x6a177944337be5f8e5068302adebca4ee401e39c,2miner
0x6a2df4318de4018b18186b225f7c304c0800f723,2miner
0x6a34161ba6dc9be11ef6a1b23a48aabe1a9fc69e,2miner
0x6a5800b788bcf98c15331fcbad9ace0cc893cf12,2miner
0x6a7d65af7ffb6feb4c4f543c891b7fd74b7e5ab9,2miner
0x6a923e17a554344f6a44e51af79a2f38635fe285,2miner
0x6aa1498a0a5c0dac6535ba8d492587cf5bd62ab8,2miner
0x6ad3fefb5afbafa55ad05713e90aac4541ac2b16,2miner
0x6b0d91260a5ac8046a58601b0922da8742c8ace7,2miner
0x6b129eaefaae1aa8113a97b975889536ae770608,2miner
0x6b53f26bf9a53cf4d96e905caf7dee779d856bf8,2miner
0x6b59e2fea2255d6a85cb7e58462dd42277df8677,2miner
0x6b6e473eb0d3d83a78b152a30dcd55e18f306022,2miner
0x6bca3d88f4ee20d4ead6be968d31f9b87dbf2f80,2miner
0x6bcd36dfa701380af39c250bb192976c3b215a9f,2miner
0x6bdcbec889493375dddf92c2cf39d9ace3bbdf54,2miner
0x6bf9cc0656ba6e2b5353a90f9425f631c0607632,2miner
0x6c46f1c8b982dd38b92f07319b616e3dd43ffa90,2miner
0x6c471bf08f482fabc0b5c3874b25f7b1b57f3d81,2miner
0x6c5421e82eaba1df0c98a3e4101f687d484086c4,2miner
0x6c67124c70ff0fd80e818e2ff8c25c3a82fa73e6,2miner
0x6c85ada94aa66f88040fbba2c59c1397714dc6b8,2miner
0x6d033303e8dce2d06d4dba6ba71f3e52bef303f9,2miner
0x6d040ac8a3b2dc337f1eb2b5a431a0b3de723fef,2miner
0x6d57d73769b0451ebfd2ca0b61dbc54d54fea23d,2miner
0x6d648eb7f9c6f4e4fcb74e00dad79e7b3ee1dca0,2miner
0x6d64e7071fa3816d81cd4dba46db9a06f0a838f1,2miner
0x6da814a1aee7c8388f670998a09d14a2139bc244,2miner
0x6dac9613147113c729b104bfa082ab5bb19aa311,2miner
0x6ddfc24cc36cc8f82fa935cbfd6fb2622c307b89,2miner
0x6e14897a327e246a4f97dcb627deb210cbcef003,2miner
0x6e28fb755ca02c9891501c31fb25aa71d73dc6ff,2miner
0x6e3ca1a71e7729b738aa61d14e581606ad04ddd1,2miner
0x6e4b62a18abc762cee002376534965878d475b25,2miner
0x6e74ab9283f58a18af124f2cb115af8690cc0f56,2miner
0x6e79789dffa1c440141da5bb180cc439bea18832,2miner
0x6ece7db5b275476682318cce17184f6125fa0696,2miner
0x6f065b590602182cdf50c0364147fc58336be598,2miner
0x6f6c217b9565961803c05cc1538da93f966ab0e1,2miner
0x6f7fe50d8df5ddf8cc9bf0d1ae6cb8a6b1704f41,2miner
0x6fb6c2a608602423537b6a2958f3129c7bba88ec,2miner
0x6fbb9a2181df90a675f3f44aa4e6e9d3c68473c7,2miner
0x70188f386f3215fac1fc56e8a78abf8b6cadc54a,2miner
0x7025a8a469c3ed7959b211b2b25fa3cd0eb0ba48,2miner
0x707aa00de65304f1b791c14dacc20a732d6089db,2miner
0x7088a043826adbfee934bef2fdfb4ea936241566,2miner
0x70ed162b8c66b3ca235479fd30cb01537ec49ebe,2miner
0x711d282c81766966a663cfae94703cd55fa2a7cc,2miner
0x71521ef8cc61ce2105ae97a993b5627cfa1b205d,2miner
0x715dc672a2a0c2081377ad7947c6bc5576b14d7f,2miner
0x71a8fb7f3eadaad39f1a6611f6f18699b3fd88f8,2miner
0x71aa65b11a209355e6591185d857db3e5436c054,2miner
0x71bee4a2185a83678e9256fa92cfbd4b23bd69ee,2miner
0x71c5e4efcd6fd44ad4e946921b59e35e91423901,2miner
0x71f869c83815ba80964c0983f79502cd4f40ed65,2miner
0x721f6bb6a512ff83fb053a78d33c4967ac297c35,2miner
0x723b3217bb3104672a93ead640c2076ee0662c4f,2miner
0x724efa5468be9b4c85f61f4b36fc640a21aec695,2miner
0x7280933b0d2d623522a4878b241e386be2f51f96,2miner
0x7295ea6e7140e16e9b00272085f366731f895b36,2miner
0x729eb7477c37303be7a80ced6a1537cc19f8f26b,2miner
0x72bcf07061202783294ee3f0aa33fc0ebcefc186,2miner
0x72d90900df25b9b31a05b333d476e2eb5ed411e3,2miner
0x730976bd077f9f7491e2287cd3c8391a3c38fb52,2miner
0x738c60f14c392fc2a8d6007ed8e521c4a29a3705,2miner
0x73e5e4c15cab27481141dfb07307c79af84349b1,2miner
0x73ff9644db3b50deebad60939a00057492626439,2miner
0x740ac75d1d0c6eead15d2b2fcb927f74496458f3,2miner
0x741043167d20c6ca8628f4900587648241bf0f70,2miner
0x742a75cb0594e0853324e839f5ff8cdd85dbe742,2miner
0x74da8c0ae608a87d47fe863aae53229d406b282b,2miner
0x7538800df099764e37e0ee921138493b45c38d01,2miner
0x7554a863ba466f61a8ee193028a301373703c5e7,2miner
0x75708c89a28149751f26f4379a47930b216c1c62,2miner
0x759421139841967eb6ceac557904cb97bb54a61d,2miner
0x75d5e8946f83704498015be3cf0fb5f247b8006f,2miner
0x75edf4d888411ee36d7c2738b5550498debd1215,2miner
0x75f1def38c16aad0f27af57f37a3eb64cf8ccfd2,2miner
0x7603fdff53e8a0bfe5dae9c4bbed55a43387f139,2miner
0x76072b48a7c1fbacb034c3227523b1427b091fb7,2miner
0x765ba5fa4bfe88dac1154f35a4bec9ad001f1c27,2miner
0x766b75c60797a91b3aae6f13c751f95c31ab80a8,2miner
0x7676f3da02d4d6f17e92553cfff0a511b36a58f3,2miner
0x769d1159352a06b4e662579e683ba2d2f65b4800,2miner
0x76b9403522eb3b05a454f8183bd87fe7375aa6f9,2miner
0x76ba69353dc6b2e269bc3b6a94c398b3db8654f9,2miner
0x76db7339e7d10ae02a9c61dc11231475faf86c2b,2miner
0x76df243717976b9707451da0a336ee505bafbe5f,2miner
0x77276c7eac74e2f3cd077b6aa016be5939c98398,2miner
0x774c727f51782c5cd8c178fef019d3c6e17c500e,2miner
0x778f5c410227067b9aa1652e4c02b5ae70313aba,2miner
0x77ad9b79a809fae56a9afb7e4cfab2a3c9c29aad,2miner
0x77c21d5acd133be45b0eb7dd072f99cdf1321614,2miner
0x77c6f1deb7ceb99911f8c088de266c0cd800419a,2miner
0x77c9d3d4f0d626f1a939e706270dda09203f7dba,2miner
0x780051f011b393f6c1e7b22813294d70cec13b52,2miner
0x7855384625717f5ea268834abe76ee7c206599e5,2miner
0x7858468fbb49b3c8cd10a42a0ba4368dd022f0c6,2miner
0x78ec6159e5ec49d9b5340260e95ec508629c0872,2miner
0x7903aae0881c3e23d322e94b715da84555ea5ee3,2miner
0x790af1301a85fc7f454f040aeca04a3cde44f174,2miner
0x790fcf2ebe4a697bbbc47148b3c0517e22fc82c1,2miner
0x7955946525f00fefd14ad0f072ccb686438d3105,2miner
0x797ce62c2e56b6c70068fc7aba001099147c825e,2miner
0x79b0fa54c8cbbb4980c0d6a7df81118e88c6eb92,2miner
0x79c45fc4173c40bd414f5497593ab78dea8eb703,2miner
0x7a39df90159dea7eb4f280396bc3939deade4cb3,2miner
0x7a572baaa58890b714ed5c9e20019d2aa5a22140,2miner
0x7a9484fcd2adee14f8072758de9e4acc39b8b90b,2miner
0x7aa5e01be053e585a756586ee3fcd7b3f41fcd49,2miner
0x7aba01f29020d9ff1bac9e518bde0f5160f91223,2miner
0x7ac4969438a77c68d4f37f6aa1bb1416f93edac3,2miner
0x7acecc47624393890062b25298776cd2fe9aec37,2miner
0x7ae31b288e52b3c6f7a678e84d0bc76754f9d509,2miner
0x7b06a7d719a72e9b1dee99530f1ad234f052d045,2miner
0x7b271028a698f8cc2bd4049b3e891763120f5db0,2miner
0x7b6cfb68622e5a3d3e4114ccb96ef2c7dc32dd13,2miner
0x7b917a8e30cb44dde0196f6e3e7b37944d495041,2miner
0x7bdaee1b8731c330ad86d04222621206416fa95d,2miner
0x7bdd7ef9a6abad6948b5a3853a93c9b542a0caa5,2miner
0x7be3ec9b504f524ed0f308545e0d7766d56c4ed2,2miner
0x7c0c2f845119dc9048ed86746de9fa686534f2f4,2miner
0x7c0fe1807d691733903cc28bd5c51436e3bd7090,2miner
0x7c767af217845d38649cbbf95d69f16b8fbe6c37,2miner
0x7c7b91cf4e53208db32a4ba9038a4fd1120321b4,2miner
0x7cc2c4434c2b92b55ee5ea16041164ccd4f84e1a,2miner
0x7cc7f65de66da661a4b7bbb8c9a16c53344ac992,2miner
0x7d6ed016642e95f9d829ffd6f2ecdc9fed222289,2miner
0x7d9ff4efb20f05bfaba854624b7d226ec712f9cd,2miner
0x7dc0b538babf6907bb67bf78f999f0d36b9741b3,2miner
0x7dca3b2098cdf9497e7c4995af159857a1de0b46,2miner
0x7dd3ae3aa4b1d9439ca3b74c68426eea41e7fa54,2miner
0x7df152a4673443d78a65bceb9f11e849384ee1fe,2miner
0x7e49e4f3c8de27152126ee27cc867cc9d83843c2,2miner
0x7e539ff282ec2c75528133ba3e38fa9b7a9bad68,2miner
0x7e74b451e3e81d11a794929fd3eb14729aa4eb8a,2miner
0x7ec253d69f4a20dc682b16aa218ae8bbfdd8855e,2miner
0x7eebbd080c8eb7f6cab8c371f31bafd9bb289b4f,2miner
0x7f151fafb696dfb78b78eecdf0b3afa6a26114ba,2miner
0x7f166818bef9f82d63adb7399d982d22e6af9435,2miner
0x7f355adb1994e94e7e1cbeb71735e42000d0bf37,2miner
0x7f47c8df55753b4e01e961e9f691cb6df2a21145,2miner
0x7f845415ab207d5474f3fba1fe999f5af7928566,2miner
0x7fa5f0380f759f72a6ffcccb61f13d3f2912b103,2miner
0x7fa800728750b796e324a7831dba8c34eacb19d7,2miner
0x7faeca5484983bd616bf4455604c44f88a2cfb9a,2miner
0x7fb21ac4cd75d9de3e1c5d11d87bb904c01880fc,2miner
0x7fda83b1612c9b87b6cdd602d36f4812a307839a,2miner
0x7fe05f3f3c4b297aa6290113daec3b39b9424c56,2miner
0x8003ee0f33bdda0c59ef6f8f08c9b3d9771d3f13,2miner
0x8025ecfbde5355adf3ebb152268726010e42fb06,2miner
0x805507b7f6ba6173e756eaf08a0de6eafb45a50c,2miner
0x809bf9405f4a67114b5535696c3b528e46b9e113,2miner
0x80e1b7ff413da026dc03c98412e7e5e3c96fd3c9,2miner
0x81010e369bd0841b19ee6e6b7072c34c7f399de6,2miner
0x8104aaf9484d022861da254342076788e41543bd,2miner
0x8145ee8fd5cc9477aa338c9ea18f92853f0dda02,2miner
0x8165dd89863a13ffac59a6b89ffc0b645b260f4b,2miner
0x81759c8b6719fab6bcdf9e6763af612724d96623,2miner
0x81a45b9125635ace83d26e70c6c2f9adbff54a49,2miner
0x81d3d7b02f79afe5f08cc7726c54b3caff8ba7f6,2miner
0x81e07ee2fa1588e8e864742a131e414d93a1a455,2miner
0x81e314fb591426b1b9f5d3d5d497d3d6e5c52aca,2miner
0x82181d687717cc82e4f8d3ef89251a3416d2fa70,2miner
0x82308177b90246ed9e8ecc913929ee522590d774,2miner
0x82b00d2405e3e4a878015d1a14010ff06f2f1094,2miner
0x82bca5b02431e7448b0f07c69c828110ad7bb803,2miner
0x82d130f82dc1d40f0ad69bbb3156352220ccd2bb,2miner
0x82f2e1dd6caae71e16c0a6b9c5c764abb143a9dc,2miner
0x83111b96ffcf4eef1073d57588eec85551d39af1,2miner
0x832189a63c6765fce2dd830884d645cd7f6c121b,2miner
0x8326143dd269a5a38f3786ea4e1f1c4718847790,2miner
0x83382435514af1b35108bf71985eb24006cccf99,2miner
0x83465f5a8bfe52d6562242ff18f66cee560e0042,2miner
0x838d24d5f19a04112b64ad76336a58c4660d53ae,2miner
0x839833850cc066bf354913a45a9a6bffe2b72a1e,2miner
0x83ac90f1b1c0111c8a648d375fa55c55028eb9b2,2miner
0x840da3bfdf1428f7c70ca3b2e280fd463cc414ff,2miner
0x8413e82c8ce42c0578dbd1dbec987a571b166c2e,2miner
0x843a4c284520c95a2d55cef9420bcd3fcf15220f,2miner
0x843c7229f9f3c7ebaaae352805fc1031ac8423c8,2miner
0x844c866ab4da16fcec4a8d6c7f756a2b58046487,2miner
0x84a80a7b7b1f7d49644b9bb77164124043398bd1,2miner
0x84ebdc8432fec59a126a172af328bda18a7537bf,2miner
0x84f3170eec9be6c5409331e8384cc1bb6f5d90e6,2miner
0x84f82f9f8ff90a1fabcd5cf47fcc18daf33d93fb,2miner
0x84f8b8d1679b36f8d08e939383a25aceadd5ea5f,2miner
0x854f299000362a74caca1f9e87cdefa93a172d8a,2miner
0x8556505458115b4ff7aae82ac0922dbaefb8be4f,2miner
0x8557bc9210040153e293ec195369f982041dbf45,2miner
0x85f2a1419a532ada3f1c02a6746c9401833f00a8,2miner
0x85f6ff1a5e93709ac03d26365cf7c3936cc56a93,2miner
0x85fd6afd913f861a23d3d77f6a6e82e5e08e1809,2miner
0x860983ec1e1be2505c31272947ee1b562bbaa90a,2miner
0x860eff7966d9f28cf48fb4a20480b1d2fef327e0,2miner
0x86370b34ef7f6de09805edc84e7c49a84c217e7a,2miner
0x8645664d3abfc00ad623240742b4958fc7b5236e,2miner
0x86674e55f9f1b7a6ff83b3c97cf4e7c3904d8e09,2miner
0x867cff8f14285253efc8b11d614482ff27c3bfda,2miner
0x868b6b1f95846be30c506a3d2d885c69c462c03f,2miner
0x86d8202ef5d24afc40d2aa0e87230200bd5e8830,2miner
0x8731863b32bb404ba4a4d817d1e8695263fddee5,2miner
0x8741f2ba3e4c3c5a6789396d86704c1d89f66a24,2miner
0x87531731599892836854361bdc71f181d0954dbe,2miner
0x8785e9edefad08ce9372e9a422080f248129a971,2miner
0x87d26a8c966f22d9f43b8aee9b8de4dff3aeb3a9,2miner
0x87d5b7a819c63541b22728cd55beb9fcc0c2c139,2miner
0x87e91e2e7dfbdccbc1ce00ab0447f0e9b6a65304,2miner
0x8815571ceed2e56d6e6b5d998b432e7f733cf24f,2miner
0x8829e84d56c6dc68abaedead2f765d032d4c19fa,2miner
0x886810b9c062b0beb47d1587c9051d1d73b1d3f7,2miner
0x88918a038a5ac4b77d5ab3bcd11f39931c5f6375,2miner
0x88c47265e767f13a0e20c3c5ce24957f5aa2589b,2miner
0x88f8bdd414cab64c24bf3a18d3e9fb8bea214578,2miner
0x890092bca77737dbbd4950659d6d40558732fbe8,2miner
0x8904733b8653244c8b3abe6b5dda26fd53698965,2miner
0x8917ddaa5340e21e14779a4363b549d3e06f4c14,2miner
0x891d995cef3d08602e95b7dca34c3ef27d57e442,2miner
0x894de565c7ddf7c143af931dec75293240516b88,2miner
0x895a68503de0d53c250f690ba859e730bb7a83c0,2miner
0x89a3ed3661f09b60805b8fc2aa6c35e9f31fa4af,2miner
0x89ac6d1b87bc68de542e154435fd999224b3a059,2miner
0x89f807d4fe448fc202d8f9843e32389c0851d1bb,2miner
0x8a2a2e1104c1751608de7bf4aebadd156b245df5,2miner
0x8a63e0d0b10befb935c8a624b14b2b324d715d00,2miner
0x8a9a2b647110e93c9e425c4d2129648b44dd6c68,2miner
0x8ab32623974ed1709ca068e51555e17ea4c3c360,2miner
0x8add1f6f3769074db0e5c66c51c0d1c91fc69a1f,2miner
0x8b109c718b845d6ac2650d8ba5f80a6439db2cc2,2miner
0x8b521cd2f0a5e4c9d381abe0b8ac1787b35d026e,2miner
0x8b8ede9966febc839d64adff07ed10d53be9d2f9,2miner
0x8b96828e554fb9a72cc99be7898f0b2592050b97,2miner
0x8bc4d498916af0dff85c534f615a428d283d00b6,2miner
0x8bfa86570b545c02e89d09ffdf103a93741516fd,2miner
0x8c2bb3c63df176763001874e01d26cfe173e5fdd,2miner
0x8c3cd07046a75d12cdf2d4ccc234828a0d840e1e,2miner
0x8c40495e4014476b85f1364700ebbf557995e2b6,2miner
0x8c43af1e98f7e6e5eab374ba8b6b11276063320a,2miner
0x8c6172917f461283d6b360afea005a74460cf1c3,2miner
0x8c96531b6103b4c91597d0a35eea48651afed566,2miner
0x8ca9bfe0d3ee2bab1e80ca176629b32d40e0bfcb,2miner
0x8cb50a23c4c65c19718425a268a0b42a0c462878,2miner
0x8ce6b0882af5750815e30962100dc4c054400d83,2miner
0x8cf0d24d3397e26ebc245ac1dd276f5858b22278,2miner
0x8d25286451657895eba690655d1d74cb13ee244f,2miner
0x8d46c6d0deb7df43762dc6b2e4b72bdaf024ea85,2miner
0x8dbfa7caf86a7467975037a3e995aa9a9049443a,2miner
0x8dc204cf02504092f66c76480df23fe92af37ffa,2miner
0x8e02939960d37d7f778b490f29f0cd7cb5a858bc,2miner
0x8e2355cd7f944c54aa3968f38d36022222ba84d6,2miner
0x8e4873c3c0da02d4b2beda202ce302a87861d340,2miner
0x8e8559e6d881c63884e324cec34c1db902652f45,2miner
0x8ea1c3e16c474e5c3b94fbf754975d5a83820991,2miner
0x8ed60b2ca352c6eeae0e7f5d3e04bdabe58a5516,2miner
0x8ef45ecd35d4c92e9712a30551952ef8d362783f,2miner
0x8ef7a19b2ea4dd0f3dc9d6b57909e9aacd17ca2f,2miner
0x8f090f37753616d2c8ec3022ea2e70b0f026c6b3,2miner
0x8f5bf6235e4d0e0c6f6f4eb0f4937c4c0bc2c2dc,2miner
0x90137afc05ada7068e397378ee4dad74f44fbebd,2miner
0x902c5b294d353dbbcb9e21b001d93fddd8d07a93,2miner
0x903d16102e5bb1c12c385a03edd7b57bc78bef67,2miner
0x9060514863d5141a98e06861a1d5d44ee02acecd,2miner
0x9073c894b3297e3b58704198a36a89d595900bb0,2miner
0x908b26dd22b6b1be2247c0e0a8d712e08790bf5f,2miner
0x90a3277b9d39bba4a4b6f2f8d4aaf2f7377e6fd0,2miner
0x90d7f721d25a7e997c8731c10dc023d30efec2cd,2miner
0x90f6871f2ed0c2018a09cf8bd4de6b6c5b76bbb5,2miner
0x9157cbb1a4f573a97e4c2c8e9e691f8dd4907ea1,2miner
0x91879eb33a27d5bcae6d344b062bdd4bbefee5db,2miner
0x91cdb4f525e168f369a31d15335ee699f314222b,2miner
0x92076f10f13d4cb14cebb85e4d63fd5e08ab279a,2miner
0x920ef17e91732edebe480b9a00efd9d521209a9a,2miner
0x926310eac76810f13f8473c5c1ad71b0104edc47,2miner
0x92a88cdeea6f0972fc159290fe2c605003693f02,2miner
0x92c586f0e3de2b571a01336407ac9ffd3dccaf5f,2miner
0x92c67f7b4b1fc784331fab703117a0e4dbf9b9fc,2miner
0x930635041c1ecdda1b50123f5d055063964e7527,2miner
0x930b60bb538697de3ddf33a5972b407b8bb53d64,2miner
0x93752d8c94dd408763bd6fe03ab7673999184469,2miner
0x93cb23237db16942ec3c6e5a898f5120c7d6d8bc,2miner
0x93ce14864323e6651f10e83e9d5130f8b6e80c83,2miner
0x93db459fc9a23a59fbc77afeec2fc5a01acf7305,2miner
0x9422fdd4fd23a53c5bc42d29827b1bae740fe31d,2miner
0x94757fcbd6ec9e8689484d64e366ca7a2b18bd52,2miner
0x947a53118f311d8e8b693b368f4d24af4830f138,2miner
0x947ff851779a1dd3c0953f30438e15ea1847cf73,2miner
0x9498b9bb16a7daeec31b0f611f1b2c6f8cc51469,2miner
0x94a67541af301b7f885d549d78225cfb79b76ced,2miner
0x94d9175a78ec9d1a9e22b89b7479f633a3fe4f44,2miner
0x94e933214b675a7ad2f8cd6378455de7766b0994,2miner
0x95386e46f9efbe2b186c2f8eeb43aefa4063c80b,2miner
0x954e36a8567478fbab471283b22c58d47c6b103f,2miner
0x9565499b6b153146834c5a81b8209d3007d99801,2miner
0x95b0a1fb71c5a1f2b59d59329e033903420cc6f4,2miner
0x95c2e2f7d94d08862cb535aa6e1a501bec02f595,2miner
0x96252c3b4a4e16735a94e3533e9f5366eb3986b1,2miner
0x962984a8b3e572eb75e6d4aa7c54561f99beab41,2miner
0x964a43223c1dd868721bc575ac58cdc37a33eaa6,2miner
0x965cd67187498515939ee2dc65d151a47d8e0f3f,2miner
0x9683d7fe4a2eadfb4cd572169e61e58842749072,2miner
0x96a5a14a4e9e24acf72f6fc5299a1fe0bc8f5852,2miner
0x96adfca55ded73b3c2de59c97661b105429e6f3b,2miner
0x96d7b0b4fb32db998d94cc980926d0210e261c9e,2miner
0x971940c8fbe47133aea74b8b00aa1d071624d3cc,2miner
0x9742e48ff272c4c4f118d7e7a8d2ec7f8c8539b5,2miner
0x976367e891f17697b6f2a69af8f9a6a14a6d3abf,2miner
0x977f488ef6de928ba177508384ccf0fd4010de4f,2miner
0x9782fdb1597451e5d40463b5c7fec2f481d52d6b,2miner
0x9792988cf2ae3a14f3b926c0bac490e56a0e8996,2miner
0x9795f564ba6c4dce9630516326727390b808f40c,2miner
0x979c644649924629cb1e295e51800cc56c121680,2miner
0x97ae2cc0c566634754a45d2e70ac1821c27b49e5,2miner
0x97b418635b3cfc8e02d6905b0ce7299c310ab989,2miner
0x97cef8426189f35b407524172ebe511fd59a4436,2miner
0x97d41a44b6e6c73cd8b187b438a70f89acce5484,2miner
0x97da025f8204a24a56d4c9414bba8406b279623e,2miner
0x98087d36d5aab52a3829cdb765ec23884c8d1c50,2miner
0x9810cddf513f560ef74505c186d202a2031680cf,2miner
0x98127b8ae743437cb6c1c028c7a361bcd063bdf1,2miner
0x9830405e476d31a3ed905947d965526fc74bfee7,2miner
0x989198b0f695118a280b7fb39a2f741a184fc9ea,2miner
0x98946719efd42c940c6d4ec6478eb47700b4e49f,2miner
0x98a17d59a1f8a64a39a859df73966f23a71db7de,2miner
0x98b1453aa2d527ef4a521eb3dfccb5d1e271c88c,2miner
0x98b23decb9dd2c5db452b6cdd2189b45430e9f71,2miner
0x98e9aae25e944c048d9c02695559314b44f2299c,2miner
0x98fa074c0a1633ee2231e89d15455f855773eaca,2miner
0x98facb9136e9b16125bd18001e9b660f91bc131a,2miner
0x991b6c7f6223ed43fbf6948b0bba97d2412784a7,2miner
0x9927bb56e9a4e1b4aaebcd88241cf2191408b6ca,2miner
0x9930e25e68292188e1c2c386d8a6c22b65aa2295,2miner
0x99493e191c28c9a5d356285ac29c6bdadf932461,2miner
0x9965fa75a4b839a4cd1a0dfca8ef7096c19c7752,2miner
0x996671b5b65d115bd7b6da187fcecdb606ae75a6,2miner
0x9986786cf6facc69c9113e55b2bcd2473cf9bdf4,2miner
0x998d61d0ffddb72098b7fd93ee4c97e5bb7f6273,2miner
0x99978e84c76b7aebb5c48cb36cc525d8ecd2d876,2miner
0x99a763095aae45e357fb2740f1163e25a97e3c8c,2miner
0x9a01aedaa8907455c320019125d6fbbbcaf88114,2miner
0x9a33994a4d58855bd8a124814598202c1d6bcb53,2miner
0x9a53f66c63812476faea5166fd29d83530e68e38,2miner
0x9a54a34186008b823ace670e1b4b62e7387ba5a5,2miner
0x9a5f08fc81654efd3648cbd903d643ae275ab08a,2miner
0x9a7d22c168ab94f31e5ad7031456ad92b963f5be,2miner
0x9a89b60d7d71edcf99821e226ad2c12e192ecd2b,2miner
0x9a98f28c2f9fb3eb0029afd0de5ef7413c6af680,2miner
0x9aabc1db8d07f2a2a7871f710a5d94b944f22761,2miner
0x9b731e8dd5bf86f9a7d7cae4448b4a71d62eecc7,2miner
0x9b860b24c0e8072299721cab3c6e8ebbc7d419f7,2miner
0x9bec28944eb2ea0bc066ec53a20dced146908e18,2miner
0x9bf802ea31fc7003101e4f0455887983a03f989a,2miner
0x9c2f657d60c0780b9dd6c3c4034b591b6db9605d,2miner
0x9c56971bc59037273592b0d10f3e7425a69278d9,2miner
0x9c9aea86f279ede1eb5e5b61867ba1abe68d0763,2miner
0x9ca8e58e68321fc1b46573e4be9573b5156f1938,2miner
0x9cac5befe70e7a0ccde1c04d72442786ad0b2fdc,2miner
0x9d0a76776357275e0951b196d4c40989c81c6fe1,2miner
0x9d1c4ecba48531c6257dd6229064fc71ea677c19,2miner
0x9d26df0dcd9a7b1d8fbbee079400206537b0a272,2miner
0x9d3d162941f00ecd8bc98c6eec0c41caf260c26c,2miner
0x9d47ff5216088dc0c6895215a0826a3f36a97336,2miner
0x9d49695b1a8b368d588ccb9b425308bd7ba42fa2,2miner
0x9d6d5b4f7e0094836fe7480db953627e5af9017e,2miner
0x9d9ffde4310f75b58940611ed612560845ee1770,2miner
0x9da8832ff26907e023c939ca05d08a97c409d17a,2miner
0x9dc936c2aaa2c963210c019d71dcd50232b4e2fa,2miner
0x9de8f4fd550b408e952ae31a69ff03aa76f662be,2miner
0x9e4374314fc09bc187d1a378d67048409a871ffd,2miner
0x9e52e81c411ad1b7f8a96990af9a86fd8acafc72,2miner
0x9e628155b7eed366a987b6df2aa748250d7283d8,2miner
0x9e7cba5ce4836c100901f38594613474aee731a4,2miner
0x9e7d8f384322479d2fa36c4e34052efeefaeafbd,2miner
0x9eab3f0afb4a2c720a7c658df5e7bfd092166ae6,2miner
0x9ee6ea7da1bfc076aeac59060bb8ab539c39fab7,2miner
0x9eefd456049b7690afbefae17fb8901cad059dd4,2miner
0x9f01e54b3c25e54dde0299c65f5092c88b2dd1fc,2miner
0x9f05fc8b9e6525c46a3959ba91a6f2f6aca13048,2miner
0x9f23003b6878274f023c6d12b99ca5f78199ce61,2miner
0x9f2d2596c2682e12d28f3747dedcd304746dfc9d,2miner
0x9f4a296bab5373d8c00846215524378fa9276456,2miner
0x9f52f712e9e9aad90f04a175efeea95188a629bd,2miner
0x9f993ece1b2e65af12163c775d502928ed291399,2miner
0x9fbf23aad5b52774879f3d92da2466c3f01d9b90,2miner
0x9fd04b3f9d678b8fb34d40b90fb7d0c069ff59fc,2miner
0x9fd23d750cd467432bee462234c43e1a2650619a,2miner
0x9fd245712d658612cc4451664b352c4730915bda,2miner
0x9ff3387f64e3b324da18a776ccae74d73758faa2,2miner
0xa02f707509f1063957d480c90c75dda5b99b91d6,2miner
0xa037758dc0c7b94809ee9c2d20b289ead1a09bc7,2miner
0xa038c29d6ad3434985b90d40e906ece5855a7222,2miner
0xa03f33a7d2c1169e9d9ef52cc1913b3358a3f494,2miner
0xa0496510c151752639255075e9b8bd0992410b1f,2miner
0xa0512e6a8e246a00865522b16a630d1f5d57118b,2miner
0xa06bd00db46580225d48c3b6469d017c83f6af59,2miner
0xa07ac88ecd6fd32bb1b81add8a7149a09ab5e5bc,2miner
0xa08f68470f5e98240094d9316cda169407fc6f87,2miner
0xa109c3eaae429a637a70c5ebbd26a3ab3b20521d,2miner
0xa11c15de89b680085ecd441f2e4c503b92673efe,2miner
0xa11e85e58351258b04a83d1eb6b237d446e3aae7,2miner
0xa12294c6e4a8b3642c65bb3c5831fc1d9164a541,2miner
0xa12a514fe589c70bb8d409e92a435472c0b436bf,2miner
0xa131595aba61718066cbf85e2b5d4de41259ce8c,2miner
0xa147fcf9f38513be8617b9cc5e4d53a051491b50,2miner
0xa19b92c07d497b2a6eefb73f67607e9148a1c1ee,2miner
0xa1fad50d68a21d9a7b692c3cacc2ee735d9d1800,2miner
0xa1fbd0b51595f38335d1bb638c5e2242c8fed4c7,2miner
0xa25e857e2a66dbdec591ee53ae468329f479852f,2miner
0xa2630c8257810bd27e5249fd43d72fd919a2961a,2miner
0xa2799df05cc9e30bbbe213971a5e91fdd104c912,2miner
0xa2d7231a064dd0284a4440eb2041ddae57b9936e,2miner
0xa375fe7648e80d4856c4b95faa33d9165910964e,2miner
0xa3d3bd856408b921531088cd9d78f87e93b38c48,2miner
0xa3dcf8a07ae7d43b7917e263108858f03f5f8c19,2miner
0xa3e3e15786ac53c5fbd17ff999f784c2bf663394,2miner
0xa3e5f3996f8523b489f6d1e4762f362a1ad6195c,2miner
0xa4178d75685124d6203404700a28ed75a6cd1122,2miner
0xa4a9491e06bb9a646c82f2c40c318afd241239be,2miner
0xa4c2bd4d97abc12d97f87a1c9664bf6047c6855f,2miner
0xa538ed026854b3c7e14b8db24a476d603b93b0fc,2miner
0xa5712e13428acf2b3b877c1e4d2a4fd536500875,2miner
0xa5ac0bbe168cff2020d35ef45c16b1112b06dfd1,2miner
0xa5c7877e8bd5dc6e402b36692339d3840a870e85,2miner
0xa5dc259405c52571fcfc96c4d45c3213ddb75fa4,2miner
0xa5dd5d97290465d390469317e82be92ed122f399,2miner
0xa5dec1ca0018e812561905aa3b4562e66cfa9615,2miner
0xa5e7de70d471331280638f13271124bd39713cdb,2miner
0xa61025224dbb8d8452fea68d37636b3dbd1d1f4d,2miner
0xa6539aaea40941d59d194f78b2eadd3a32ec44e3,2miner
0xa65bb59d36db9ded62b9c05579ac714c0e1ea455,2miner
0xa67a5e45f00a9a5d085393efed60dd5eda1b916f,2miner
0xa68f02048f023b03bb621ece771d9e808669777f,2miner
0xa6daf3f8664acd6c4f67103bf94142464ab5f86e,2miner
0xa6e139f90d9ddf78b6505e70d7e85985c638e2d0,2miner
0xa6e422a02792fcf760dcd44666234c49e6810675,2miner
0xa7057d93e0b761e1d118ff3cde1328fcfd8e7eb1,2miner
0xa7569ae6c718fd1c6b3f097366d7fd6dbba35f68,2miner
0xa7752fef03c5ee3ca8f0b0603b40601dfdc558b0,2miner
0xa77903a4cba3895e7ab9b337417f671e72f5088f,2miner
0xa7b8ad1ff275f2c384d6abff7505a4c0f48b5781,2miner
0xa7ba18bb144e2f07a487d97ffb6c79c19e9237ae,2miner
0xa819e3601f33d9791f5c3d4b7f71611f64c8c772,2miner
0xa82c456fd318fdfe7ef97492d360ff193e7e08da,2miner
0xa83505f1c382f8912ce0613e21ef351ba975a016,2miner
0xa85545fb9a7aacda75a26d0de899b6d4ca0a3376,2miner
0xa8869517ca2dcdb958dde22daaa42709fec0e463,2miner
0xa8b4a63377cd24d7219f94e4d524327342ded256,2miner
0xa8c1a320ffa63b9490261a91903a5015c537481b,2miner
0xa8e219481cf280874a51a7e81f2b34279199a34b,2miner
0xa8eef1b4ccf4b270bd44cf1b795ad85b6a7b0dc8,2miner
0xa955b1916aaccbc0e64c3a3501da7e0d5941d033,2miner
0xa95adf08676c561e4bb2c9986394d142fc9a4116,2miner
0xa98a781c5635edc20c08176e6c74bd73f905fcf9,2miner
0xaa440887935211f434e2dfac55a23dc1b46623cd,2miner
0xaa5648c526be1adf77a92df8e66d5dc6e3907e47,2miner
0xaa566de44965ba3537b0746e1dcebdf2ee8a4590,2miner
0xaa6ef23842b1840e41bd100ccbc9e57e264e6115,2miner
0xaa84c9c5ac03c880051e1cb19f604ec5eec43a64,2miner
0xaa8afc50b1031e2b3a823f79ce19146fc3d01256,2miner
0xaa992d67c14063cff9ec5d9e15904028bc3cbfa3,2miner
0xaaad248c6c26b20a6b2faa1f05d8fc4c4d35422f,2miner
0xaac877057849986bb4c850ec89e8aefadfa40213,2miner
0xab0c5a04f173734565f5593317287481cbfd29d2,2miner
0xab39dd60a0bf3de06b30bee708debdeb51128462,2miner
0xab3dc21db17d333786ceba1a1b8c4e30ae124e5c,2miner
0xab8d708006823317b6394b34ccfaba8df29149cb,2miner
0xab92c08fa2e345d87ab540d1aba33f4b56d588d0,2miner
0xab9e392fdccb563be01532d0fc178c63f6f0d432,2miner
0xabd9b725a98ffb1447897d70364176fd18f3a730,2miner
0xabeebb2d4aff9083ef8da50fb7fdd77c9e409db1,2miner
0xac1990bda2816a7cc27ba88f9ccf32550de81153,2miner
0xac25adb70e481a04125c355e949d79bcdc49d61f,2miner
0xac2f1b84cc09b3f29accbd3f5a50581be500dbee,2miner
0xac58417f867692cac02b655e4cec5729cdb54c95,2miner
0xac67f64480b8c62cd7b3554c2fef02831e2d85f6,2miner
0xac93447b885f69a323bfcd8b450a4a58d8bece97,2miner
0xacf7447529df923766762871d47b6be98bf070fe,2miner
0xad0015e08e19d9320fdf32b1de6967b45ec59f18,2miner
0xad1071ecd7dcbaa5f1532801b549e8b28f628b25,2miner
0xad20f5f5f3d102ee6a9ca2a63e8aa59415bbb8b9,2miner
0xad2e9c664519b9098daaee62b7b60c6adbc90820,2miner
0xad30f5de0c9becbffb11cdc756166974f7f1b1aa,2miner
0xad3569b2bc084ce7d55399103ca9d6b0a6771ab0,2miner
0xad3e8a0a9740df5e7cd37c01205ce408dec0415d,2miner
0xad412f6fe5bd6961b5d547cc415fea93b2c8bac4,2miner
0xad4eb192c503b2b4ac43610ec92e52c6cdf0c941,2miner
0xad56230847c04939660921dbdc0796e417382b02,2miner
0xae05d48fd4a48d7f565460d1d3977d5670bd77b9,2miner
0xae81c16d33205161366cad1b40ba32257d6ac980,2miner
0xaea465d9811ea7c9168cdfa870c6746a6740c752,2miner
0xaedb3e4c087c996fff717391763e1568a3a3d8cc,2miner
0xaf18f41918a340d647307871d90831b1f2f9ca5d,2miner
0xaf22d200d2382a9ba6553d5befb612ffccceb38f,2miner
0xaf3bd93432a070d115fbbddc1449d405b55497e6,2miner
0xaf95f54759cddbdadadd74e6c0b856f1518e2850,2miner
0xafc4141e1d80383e4aec942b7f63c3de74abf6f6,2miner
0xafe7404930570ad40a894ae8ce78556d31bc585c,2miner
0xb0556023de83f901fa9f55fe015430f0c1a78feb,2miner
0xb07da695b996443d6cb33eb90dd7b642595039f8,2miner
0xb083c6061706d8ba02c4dac40ffd61f49b205ce4,2miner
0xb09a6fa76dd2a449878246ba81431978950674a7,2miner
0xb09f40b19bd33900c7090e6af454b643bb224001,2miner
0xb0b70449828b2eb17bfb4afe416280c2871f9da6,2miner
0xb0cc4c8750cb89443eaf3cd0e9f606880867fd0a,2miner
0xb0cea2fa8e63d9888031ea4cccfa42b59a053b17,2miner
0xb18261b52469c96604f41bf1f7b540956beae3a6,2miner
0xb199c4c1b2861e139390daacb865dfda967845b0,2miner
0xb1ab2261fbb4f7dd9b49c91f3396b992f3e9f991,2miner
0xb1cae84e18d078ca707dffc0a06ea72f43bcc025,2miner
0xb1f9d398e17fb8f923899178f1950c868a106e70,2miner
0xb24a6a978799d99ccba8c45e5f7938c93f3a080b,2miner
0xb31161590a7dff403310dbfdb5af328ee21ec08e,2miner
0xb323f685dd88a147d2c9537d47b5680b4d112921,2miner
0xb3434936c42417fa92b0b03721de80911cb34198,2miner
0xb3751d2e683edfc3201d25d051f54253796aa649,2miner
0xb384fe1ea1008f689731e07f71f7e3683edb0561,2miner
0xb3bd0fffe1251c15f9bba8e73bbca755aa1fa7a4,2miner
0xb3c6f4797da891cf59e1de63e2a15efe72806baa,2miner
0xb3f7dc30644be783c28f12bac217e274f2a526b3,2miner
0xb40b7406a02ac3e1ad402ac2d8551d37638693f4,2miner
0xb44fa383fc3ebfb02cee6122a11241923aa8a14d,2miner
0xb477524d7914f73b2db1a925889c3200a2fbdf1d,2miner
0xb4860e141d26502128d6e4f8fc4ef24a89edbf1d,2miner
0xb49b8eb05d122c47537c6f821b61019d2d0c9914,2miner
0xb4fb01ef2592e4ad8dff08719673f2c5cb1fcf54,2miner
0xb54114e31b0aee7d62476511bd805644c92f7587,2miner
0xb5519f097d67044ccf5d11fe4808b0f6fd78d200,2miner
0xb554315743167136847f59d0e5dad7149ef9e588,2miner
0xb555689e5fb3a8e068e9960cecefa937f9094911,2miner
0xb587eba335683d615e89eee72e5f91f8623aafd2,2miner
0xb5904793f7cb2ca4b239a818b6fe93e07e82f360,2miner
0xb5c4962365c85fec84062191bd9b6b3e419fb6d1,2miner
0xb5f2e63ad68582db38bd23c2a67eb4de45a4444d,2miner
0xb63a64ab9878e58714e3eddc15040cfc36042cf3,2miner
0xb63df4f8fb8f0426693d8173560364f553c0ba68,2miner
0xb6709857601320a67c5dc0e8850d089655470a9f,2miner
0xb670a191272d09aaf81de02fd5b5c900a6b774ce,2miner
0xb67a845e5ea618886393d49d57d17470758918fc,2miner
0xb69823186ecf5e31ac96b97ac89624f3d4cabece,2miner
0xb6a5a4f2acc5761bf83516c58c82acf3355df5fa,2miner
0xb6bdafd56cb8c3040e82a323855316dfd532ddc5,2miner
0xb6e45c9b21191d25460630aee3fde6073283a6bc,2miner
0xb6f4d75cc5cc2d8d27e5a6a29be50aaf1c5dd399,2miner
0xb705c0a87131cbd8613e9f431dc0d3e159315c5b,2miner
0xb76c882f7db7a656afdda86ad031df49c329b86d,2miner
0xb780e8eb67697d8eec9461c095f218aedd121251,2miner
0xb7e17162498947ddfc7fc527b3eaff4de52d9ddf,2miner
0xb7e6298a2a3179e6f1b0c7fee8a605a24132cd52,2miner
0xb7f4afdbf0fefebfb4c6c0ff3a2913b4d92ff300,2miner
0xb80caf51d39b8d67f7c8ced109f10a52157289a2,2miner
0xb8816aebb91085ce23008aa5f879d51449c628cb,2miner
0xb893050b4f289fc96806cfbe7b3bf594d867f6d7,2miner
0xb896b5e06aa00ec7bf3b37238c0a829947d5320c,2miner
0xb904631463206f9a7c658f146c1d21232cea5ffc,2miner
0xb90e111bd0c7d31f68e46f7e8b61f8a48bcf319b,2miner
0xb91f304cf1aa54956aef981b21a93ff41f7a3e96,2miner
0xb928c91d6881ad21fdf3407799d9b64144c4f39e,2miner
0xb93fb1e43a76e35a35298645645bddf29cd5d121,2miner
0xb9952b5158c6e26051d0a946dd93bac4e41196e4,2miner
0xb9bc17c4f57395f02a1cef13a52ef8ea624c6264,2miner
0xb9cd6f95446d0636cd3ec4324590f240381fa891,2miner
0xb9cf2da90bdff1bc014720cc84f5ab99d7974eba,2miner
0xb9fdac76f059abf093945087a1113a7c46db7077,2miner
0xba04bd8818fc9d75bdfc9f965d69a28778bce27d,2miner
0xba1223912a89d73a5281066a37bfd40395789d61,2miner
0xba339108f386d3f924bd564ee659b126ad86cac4,2miner
0xba344708a48a1e22f5b88fb6ac3636ef2bfe4cc4,2miner
0xba404bd91986a90fbefefcf84886d7f6deedd3fa,2miner
0xba936db95ad70e782c2943d74bc56412047001cf,2miner
0xba998b342054607365a222d5f1f28de1cc70ecd7,2miner
0xbaca21cca858ddb171bd2cbf67e978229e7e5090,2miner
0xbae032d68db4ecc051e436b6408a93f328a4def2,2miner
0xbb2be966c5b4d5e6c4f7486c979f666db6d5e897,2miner
0xbb641ae55d554dfb714430196dc63f37ab28dee1,2miner
0xbb8b080ed544ac435b1258a242b8e548349552c1,2miner
0xbbbbc8ae5d6d000fcffb9065d8a7917c61bbdf98,2miner
0xbbf3121e70d7c546172da0d70cdd1841be00d16f,2miner
0xbbf3213ea39c206be626ae911d738fe070d461ed,2miner
0xbc0993f72a84382bcef691331f070984eb37b523,2miner
0xbc1795cd147a2a426a88ff3c6da9e32cd76784c5,2miner
0xbc312385962238d56f2ab428775d208c5873e498,2miner
0xbc4340f4a8c4c4850399778ef628bd87284a90f9,2miner
0xbc69d56b254c4c0a6bda518d1fa92d0b4c90b52c,2miner
0xbc69dc14f623b2ea465167c78936604638b16709,2miner
0xbc732637db090e543181e605d08d580c85623ab0,2miner
0xbcaea61ba20d576795389224ef03d8691cb638ba,2miner
0xbcfc0192fe1fd87a5ea5d9c5a40b3363107cc9d9,2miner
0xbd33bdc4dae01ea108b7e52b02327ea118c1d520,2miner
0xbd541c5128d8f94fa0e76a95971e894ef9fc556d,2miner
0xbd6145806bd8dc9930fe3cef43eb2b9317e8a13f,2miner
0xbd8cb3cc623c3449c6272d163ea33817fb4eec3e,2miner
0xbda87c12821764c4d7dcac7c10718d2ecc414ad5,2miner
0xbdb7c772bcac9d722c35e9bd9c7c04573e7880ab,2miner
0xbdbd1f2d3fb3ac1b0ceb56c617d21c8aceae245c,2miner
0xbdf1f672e9a6279163168333f315a9212603bf2e,2miner
0xbe6f53838d4f4dda4dedfc0775f8f190838c7687,2miner
0xbeb31ae4173ab53f54e6822bdfb216df6bbd5d73,2miner
0xbec3810f97fa707d146eb346943fc825d247dbed,2miner
0xbee70b60a2672c760756e6e7b1f5bc20f15932d0,2miner
0xbeec5faba6f33d5ba1c8a74332524b999ac46c57,2miner
0xbf08fe004e58f072b9258b2e04622a498df3d76b,2miner
0xbf5ac017395816f1cd8c2d92062d7579d956b80c,2miner
0xbf88136fc67dabafe67fbb9af37b9b8fed5f7173,2miner
0xbfd4dba2103dabaf6766c00c327de47216d62580,2miner
0xc0082492d0d139d96b4e9d4d459e51e570bc7092,2miner
0xc0116e14d00ab9fbcae6ee11b4e8c92c69544707,2miner
0xc01bc6a00e05d7ad730634f166a916e6a6259877,2miner
0xc02b6006d5c6f5a349d3f7dd2882cc4e962786ba,2miner
0xc04cd5c340478666debe7d159b87b76d913c46b3,2miner
0xc04ebf51fadead9efadfcc76dad5acdf9c36550e,2miner
0xc098d9eda6189259ed2f3aad514d8773358fa58e,2miner
0xc0d10f2947805b5076c58f22f7b578bb1f1055d1,2miner
0xc0e8631d45fee1f4dab5fd6ef8503efac8c9e0a2,2miner
0xc120413f59173d908df41f9b3f29e083444b17b8,2miner
0xc120b67c0cc60552a96453657e503077eca6c73a,2miner
0xc155c6e78f992dbf602bcc14f43c8aba44a08048,2miner
0xc18b8f6c5a9a53f11c8be60808f0b831b7625608,2miner
0xc1acaab0a6d330c142b6d95bd70a174ada412c6f,2miner
0xc1b0571bb96f5652c6408ab3fcd84b6d6b17f0b2,2miner
0xc1b398064f3deec811c1102f3ea4493c15d5e396,2miner
0xc1c427cd8e6b7ee3b5f30c2e1d3f3c5536ec16f5,2miner
0xc1cbd344e5602a6b7f17a788140a067f39786bd9,2miner
0xc1fa7f716c8cb5fd691f76777d97bad154aedf18,2miner
0xc1fbb26104c8209e12e13f4032e4b1310e783a36,2miner
0xc1ffab09ede2e6837b2d81ecd144dd04237bd087,2miner
0xc20398f4de91e67624d24e661376bd55e5b65a4d,2miner
0xc211ae4de3fd32a140a7d3daf8625d7e9ada7a2e,2miner
0xc224038f1a4d58bcac3bf0695efcb2185f15bd6a,2miner
0xc24fd18539d0fcfc1ccbd6e86eb69fbef3c7bb31,2miner
0xc266234d45ee3fa0928695cffb2e8b2a0d0ad194,2miner
0xc292b9a046afc19dca7c1a726c4d196a5a7ea136,2miner
0xc299eb3441b0aa31c6eae0fc62f48457ad17b54f,2miner
0xc2bfb5b11d500b454295fbbe98afb267a69fa077,2miner
0xc3a612605a03c7b8aaea1ba5b6ccb16fdb902627,2miner
0xc3b227acacfb5d3d673c84403441ea4b14de388a,2miner
0xc3d73bc69e99428a7481591aa809248f298b12bd,2miner
0xc40a2b7b6257bd7a04c63e4be551322f945be05d,2miner
0xc428cfd3d3d10ed29274ff05af486f6cc05269ee,2miner
0xc4529c9e7e4db6f888ed8ac09d3cd48fd4a79093,2miner
0xc478cfdc437dc76adb4da941bc90f9e67d2c59cf,2miner
0xc48c5d5642ea9990c6af45bc38aa7ef5bc2760d3,2miner
0xc4a69fbf4511a1377161834cb7a3b8766953db02,2miner
0xc5058a7042cb2d735831695fab37bd95367ff92e,2miner
0xc50db7ba1bb8bdaa5764eb46c9bd658ceccbf2bb,2miner
0xc58929d985ac0df89360f58e6bdc37152b71d3dd,2miner
0xc5ac6eb92ccb834ed3801c505cdd79e684decd50,2miner
0xc5fbab2031cdbe9577976c8c5819ffc069626577,2miner
0xc6355ae646febbaae08e288f449194e4f65c4e97,2miner
0xc6827fdda33fc7ec448d800c1021358d486bd74c,2miner
0xc6b95f873d4b3892339327477f1cccaed643e7be,2miner
0xc6daa11e4d5e97a0e5d9a755452732db8f07b531,2miner
0xc6f31a79526c641de4e432cb22a88bb577a67eac,2miner
0xc704fafdffa80687afc2fa0585de022fac580e31,2miner
0xc7286fa01a419f802f0d424c75ac448f48507d99,2miner
0xc748e69370f083ce005554895c316e877dcc4942,2miner
0xc74ca2cd149939dc9e9626316f9f16febcaa2a51,2miner
0xc7cfd12a7b2eb71245f663a00012728042e071a9,2miner
0xc861e169883a1535de40365194b0155182a606c5,2miner
0xc8d7a6e623676babf30ff824d7899e113f3b5963,2miner
0xc910dd340183bd17792515c900fe688cd6bb06cc,2miner
0xc969d80e6b8f9500ccf0dbfa34eefe1cbbb35919,2miner
0xc96c983b93ea194aad501e758d06a2538dea6761,2miner
0xc972773f0ab9f53d3e77ca02afd23ba830d41a53,2miner
0xc99fc59a0b74d8edd102bb63c2dc9f2367352632,2miner
0xc9beeef6f3d726d5092bcf6a9c41a630cd11883c,2miner
0xca079ac4ed7dddc77d56d240e3084ea29ae9a43c,2miner
0xca30b4bb6961a3cd7eef472d415ff800fb465216,2miner
0xca3e578aad478ce9b059263f4339397ca0181ee3,2miner
0xcac4346c92be509e742a49de7f4c814e616bcbd8,2miner
0xcae89dec6b173b03e09d76030d016f37b9404a04,2miner
0xcaed1023406a984a3a28e77b55e07a01f19139ab,2miner
0xcafe8ca31e3155e19dcb30416fcd121d11af85b1,2miner
0xcb0c3f10afd4c29222372bbeae3df44403b0b608,2miner
0xcb0d28b782b403a89f31fb197b64598ded8cf5d8,2miner
0xcb76d342284e1d02c47d5479c3e2de3138d4f2e0,2miner
0xcb87527040b964bbe787ab89a38a7aced04f8fe5,2miner
0xcbb8ff9f7bcf94c3fbcbdfa484a8b176d8c12507,2miner
0xcbd44ca9ec78e361ff372b39eecb0c9d9b150531,2miner
0xcc0f195bc892892609a06ee4e8cfa6f0f2fbbffd,2miner
0xcc1943ef5bdd4ca8846088a444bee9235d475dfb,2miner
0xcc9d892e6d5aa5e87ee9c70baaaed60d4199ba5f,2miner
0xccb4d5805c59731a813609464ba931bc7bd06f7c,2miner
0xccbb3609e87a9a9911c1e066b5048332221fbc0d,2miner
0xccd4205280ee65f58199347c99ba6b6bace8d17c,2miner
0xccea92c3ed7e40870be8608bbb774a9ab2539bbc,2miner
0xcd072d1686734c1b6f22912f215d846fc76a1888,2miner
0xcd2ce33afd8c3120f06a282da8a8713fbd638192,2miner
0xcd3b3e939fc0731eb4cefee7908602c65438ee68,2miner
0xcd4efbd0cc04136c0d59e71ed53f8eac657fe1c7,2miner
0xcd8bab47a8a4aa382a0ba3ea8bb4cc4daf1213f6,2miner
0xcd990e48eace8e6c797af3f4e3fa8e4bcfa709a1,2miner
0xcd9a9da5e18b7a715030fbdbf834b27c07e2918c,2miner
0xcde21bb66e7680f2581d4e1551e911d4da755219,2miner
0xcdede42f83035f2386a7ec535be1b6430b2b1c70,2miner
0xcdfc8c967bbf482e95e2f71febef2fab6a6e11c1,2miner
0xce1cde517e8323b49a8402ad33c3e765a8791b83,2miner
0xce4cb0e720c6a4e49ee4721d6403ef7ad5ff8e36,2miner
0xce598b9dc19351c36dcef8dc2d38310c75003d04,2miner
0xceb309ce43f5c1dcdd6dbeab686755d44e93feee,2miner
0xcec454d2cdb3d0327b96d76158ba7bbd5688e186,2miner
0xcecb8d2a31b115061e6de506f337d501d21da729,2miner
0xcecd92429ee8a014d3db019df47f627e4aba5d14,2miner
0xcee7ac8d63ae1199fa8cd795838ef0f87575f646,2miner
0xcef2e65b8593f9695844ec2500e82a70b1523262,2miner
0xcef630261b127029afb9d0f1a2b57dfe81ba360d,2miner
0xcf51dcd736b03234eff5b81d3cb7931cc7d73f0c,2miner
0xcf6305ebb5879c3434c7ffed9e9244883ba4679d,2miner
0xcf8a5cf929d71d2a602cceffbec8817f400079b3,2miner
0xcfd8bb431b4ac02345198d89a19097038419bb69,2miner
0xd011f5a0f7cac9cd774686a9f4d0e0eab6698de8,2miner
0xd0192213bbc96dee1fecdfab6672218835a6773b,2miner
0xd0341bb1c0c054bc2f100d178bc86e662ff46ff4,2miner
0xd04d17c01e09cc9576dd7c82ec8fb59a703a4f88,2miner
0xd06fda786cd879d8bc299bc1533402f3c504b9a6,2miner
0xd07d50f1a900f40193e55b7a3c3fe1f3f51d54bf,2miner
0xd081bc110bda19ce895de9fa845a47562560ecc6,2miner
0xd0edc19640203bbea9b79bde8eaab46c9f6132dc,2miner
0xd0f6fa3c0c725646e43df4b3bc32a8e90bd0e978,2miner
0xd1b500f2a3756a29ab4990a65bdb964a05feb3bb,2miner
0xd1d8bce50009165e4b5c6aec82c9a5486c5158ce,2miner
0xd1e7e389684451bdf8c6ad246f4e8e099c06f33f,2miner
0xd1f498378bfdcdb7e947fe48d0f56cb2ecf29afc,2miner
0xd1fc3b97b60b93163d924941b49869a4adbcb41c,2miner
0xd2190e375b2cfbcf33f1d3a3a8fa0bd645bb5bc0,2miner
0xd233c29f2d9900c67fe8cb5b60905135b5025d48,2miner
0xd31bd8d298a68991ebb8b489ac7183c13bff7800,2miner
0xd360e54a7a8583ed1e31edee62f721117e8be66e,2miner
0xd360e87f3f2a29b5afc1db2634805b34b3ca222c,2miner
0xd38035ed6088963aaeac81d90de9886722702491,2miner
0xd3aea90b5232fbc194bebc590c19e6bd14faf9e0,2miner
0xd3da228fd55a58db1d9908e7c1a248a9af696753,2miner
0xd3dd05f50ac88ff6c122786afa4eb8528a01e6e9,2miner
0xd3f90af4f03369828eedbbd5741ba57e556aca84,2miner
0xd3faa517d78c95d113f7c53c87e2c6536fa028c8,2miner
0xd43f3f27138d6f7ee526442119e80358392267d6,2miner
0xd455c418549fc868c3ab88d5f3570dedd4ad2b1d,2miner
0xd458e55159db289a6a6de68b2949e37505a5ba45,2miner
0xd4c8822cf0a32d9e7c8a6cc93bea62e331937768,2miner
0xd4d0694736fff58d666b4df0b64246aba7ff12b2,2miner
0xd4f650f227b988a6dddd77bc82aa53f92d0bcd2c,2miner
0xd4fee432db8beae1725a1cef4359db913302e4be,2miner
0xd5336941898e363de36d486a5cbd9e923cb6bd5a,2miner
0xd54ff9c2f1297e6e1a4f05bcfc14fcc0b71080fe,2miner
0xd55d44fcf5d8513b3b324b31c5976ca28ce7066b,2miner
0xd55e3b1d9cc554f858a1a6406e12794f132f18e1,2miner
0xd5725094b1e9e775c61d4293e5f34bb564291d3a,2miner
0xd58bc57df316a14aa70171dfa335d057066b139e,2miner
0xd59cac022ef460d3a24fa1dc75d005a0f552da5f,2miner
0xd5ad26dd3140c07f590eed22aee52bfde5ef145a,2miner
0xd5d2d1203820be53f6d70af93cc69b27842fadbe,2miner
0xd5f6739e2f7efd9635b94cee5b25c4fd1fa5a03c,2miner
0xd685c92ca0d6a1f9526d5d5729148a908e4cba1d,2miner
0xd70d75a759b3e1a479e25ce857d12be46e4ebf1b,2miner
0xd75f16dd4c7f79639523df0260101a4a092d49e9,2miner
0xd79167f2162cdd09b3f57647708c8daae56c5246,2miner
0xd80716616603a0ec4258500c772d1fdb0228f78e,2miner
0xd8096bab0f111e0662bffea9a6834c5cc2e44375,2miner
0xd81186be7b8b19f2b71a62d3c2d5632fee3279a5,2miner
0xd830324488a6f45e44836029c459cbdc6747ed72,2miner
0xd84a8f820df9d528906d1e057aee94309b6a3b0c,2miner
0xd85807c7fc8057b9f73b758c4f3c39ac01cea235,2miner
0xd8619cb5021a69e1216003c34398e13b98740377,2miner
0xd885482c4be877d8966caf7d5c917e0057fdaf1e,2miner
0xd89b941ad32880cd015df843f310f533b1a71ad4,2miner
0xd8a9f7cae5cf2fea4a3de59b99e246e303a37c10,2miner
0xd91e1b6f0b46bb8bd89665f22688776642bb9d6f,2miner
0xd925e04c9f102e093a68c79b0a57791bebc8d418,2miner
0xd93f163a4cba1c876df27dce36e2b07649132655,2miner
0xd970751b353c7368a552fc67fd55d6fc1f456f6e,2miner
0xda275cfa47fbeb55f8abe27591e6575854ca9cdc,2miner
0xda3a433892ee783215d1a14245d228e233ada0ba,2miner
0xda6b3861f8fc85ed57ba17abeb653b712e8fa7ec,2miner
0xda88aca2c3dba2d3b4d1705f338a194df997e047,2miner
0xdad5955c5fd23321e0297762dfd9f402ed05dab5,2miner
0xdae74b7c1612955592265821a5d6a382f2d1163a,2miner
0xdae9bfd329bf0d4690976987fecff37344e82c43,2miner
0xdb5a47f24269f78e0c78159615e70744c85f52de,2miner
0xdb8522de3d2890e7065cd698b13c4e47c5e6eb31,2miner
0xdbb903b977a6655c567a59749bf75b169a4a6896,2miner
0xdbfdecb5fa4363fb084bf3b346c524a0e8e5ce84,2miner
0xdc411d48c2d1535b3deac90db5921a5fbd63cb32,2miner
0xdc63d97ec225e3067d42830a7de629befdba4b26,2miner
0xdc79fbbe9d1fe680f3a73bed1f7523b88010ede0,2miner
0xdc9ddf51c86e020fea8bae03ce505899372a2310,2miner
0xdcf1967a61bde1a4a90b170dd9d903acd7afc7e4,2miner
0xdd0cfa75f68278ce51cb8ee9d9f36c3d587d6e8b,2miner
0xdd4ad00f6b711cc50de39781fd55d367a9aa846e,2miner
0xddb36a9029b1dd0dffb649ff61fbe76b0d02468c,2miner
0xddc2cea5fdcf918e7afea43b5f1a56b3c623f2bb,2miner
0xddd369aa2151f956c18093c8336e402a54396a13,2miner
0xddede447a3dd464745d4da6f7fb269cccd7cfc8b,2miner
0xde088812a9c5005b0dc8447b37193c9e8b67a1ff,2miner
0xde2c2a453323d5bb602edf881ed7a1103b049b80,2miner
0xde5fff34e83dae57f44ede1659528c776ced84e3,2miner
0xde7ff4c8285d27077ac570ac0d5b03cb4ddaa003,2miner
0xde8613ed6fd565998e4609bc972eac6cc13afaaf,2miner
0xde8da709d75d234c58773e6b1f3d0d1c52eae737,2miner
0xde92d41de1c895c1ecfa54d8af36a1ac5cec25ea,2miner
0xded7fc2eae2ffaf022ccf031cf004cdc0db53bde,2miner
0xdf2ca15fa0a9926778a0de55721ad4fb19f8c6b3,2miner
0xdf2f8db5d213023ea4cd5782a07e297b33b642af,2miner
0xdf63c3af3a78ca44e72cfe2f1ae49644b353fe2f,2miner
0xdf9f90da99be942469ae199dd9c6fb7215253ad5,2miner
0xdffc30b950c3c0240b2b38752bdfa4b96f4c349d,2miner
0xe01000608efdb468029e5554179d34bca4828b15,2miner
0xe040c335cba97c32340f3b01d0556b6fe40eeeee,2miner
0xe0c57a86d8fe99aa4845d25b36d3714f8705a605,2miner
0xe0cab787a4b4c11895447630a861e477d6c2262d,2miner
0xe0ce6a01ffc9cdb8ff59ec299ff926a04d8b7e9d,2miner
0xe0d5973d58523856c0197f7c48d3088101a8b818,2miner
0xe0fbab407f690e805df30488d1871ac224c70ff0,2miner
0xe15a5ba728c9f009278cdc271c2601136d2ed68e,2miner
0xe15a85033145f55f4d67983dec1c060c9f643885,2miner
0xe17a865a8e762a0ac0eaaff69c5dab7c3282267f,2miner
0xe186c1ee144318e074dcf5b2a72f43f046505367,2miner
0xe194620674f910c022e12e60f34f52cca70a349c,2miner
0xe1986ee0ceef2b512f056afc2916c634f5dc14d5,2miner
0xe19ffb70e148a76d26698036a9ffd22057967d1b,2miner
0xe1dd32bb199c25edd1886b754d09f46a4e381b3d,2miner
0xe221cd5bb1c2db17841cb28caafb0139d5fe7349,2miner
0xe25669f2657060cb19c1ca17c0faa12c0308d05e,2miner
0xe2963351c82d6d046f23e9212899eb5ff2a8514b,2miner
0xe2a44e904647cf307f444fec855cab56e299d042,2miner
0xe2d2985be7b0f111467d59b2773821507310fe13,2miner
0xe2f5e57ca8e1151381b437deea7e3180b24bf141,2miner
0xe31745648e4e9d441940f8b6389c53ab6a299073,2miner
0xe323ac0c58e8785bb2ef87553f9ee0a91117ab25,2miner
0xe3454bec9820eb3a9f01385f8d54005a827e184a,2miner
0xe3459c5aebc9f39c87a54f0cb4054a7ba8583ee9,2miner
0xe35f5c7565aa210d0c2c41afd7da5530cda20f48,2miner
0xe366d748e649fb5cd86eb68d21f0ac24f240472b,2miner
0xe37e0dd8a3a5aed0e36bc2484e4f1954e33196da,2miner
0xe3a0d5e2be009e95d4e41e9cc5de4a8035750dc8,2miner
0xe3bb3ea108998808f51a5368f6d7ab71a3b11adc,2miner
0xe3d25ee114cf66fbd3a36ae42a061bd7199e16dc,2miner
0xe3e01058bdaa30b02470bad1d0b7d03f1fc05691,2miner
0xe3f2614e59e8ca6e6e80f701688cc051800c8e67,2miner
0xe496456bb9b23473704068202a0c4633b3084d7f,2miner
0xe4bfa4537f65fb7e595a4b781cabe8be8625cc1e,2miner
0xe4d12d3fe2488760fad6a34a8c0652a0f09abbfd,2miner
0xe4d4d0e76c5710a138a5033477d569e3eb534f1a,2miner
0xe4fb956672edef4e3e2e419c343a05ce278a2710,2miner
0xe55f590ac3975d0042221e8bcb6706a2938cf434,2miner
0xe5d16c0e65752450953567786536e7f34e0ffb22,2miner
0xe5e5c15b11d128ded9d36a2a7ad74c80b1ba2715,2miner
0xe5e977ce8b213b6f3905ed392db04314b5138a0b,2miner
0xe609a7423590d05d50602822eb9b83712cb6f96e,2miner
0xe6878b771a2c50538c440a2ad1466da0060cd887,2miner
0xe6b5a11c65522a758c78e41cd7e2823c4199a5b4,2miner
0xe6e7a684ef8f2a6f1cd372d4e33a11962b134c25,2miner
0xe6f0ea9a6216228d3a72bfae32389121420db26a,2miner
0xe711895c3f6723b51fc397836ccc15bede7e42ff,2miner
0xe73fbf29a044258417f2e9071108dffca2ecdaed,2miner
0xe745f0cb3bfb93a095f7f9a16d4f2c21a89adaf5,2miner
0xe746d958b88f3d8f29bef48464fead1b3981cdb0,2miner
0xe75e70da6d86a307b8767a531295a794866ec4a1,2miner
0xe7a2500ea491c0bd308915e617fb052d69ba0530,2miner
0xe7c3ffdcb6f86e45dff2ec1fa20ebf70fe452df9,2miner
0xe7fc6e5f8a54d594c2d7e7bb135d40340f78871d,2miner
0xe80c7f0a25540da3c27fc7bd789120784760aa61,2miner
0xe812172b586e5ce0cc1107851d8e23277210cc1b,2miner
0xe819304d5f2bec893cd585b2bf7c87e109d51711,2miner
0xe8a9ec87fc450653c7df332cf0922ed1914562a9,2miner
0xe8d78650befece629eb5d741855273441d8956e1,2miner
0xe901866857d66f0ce6248c1bf4de2f1d2925a58d,2miner
0xe90b05fb4cf31a397ca38807cefc78e624d0dadb,2miner
0xe93e7010e920d0892ad724bf686ca381511a5623,2miner
0xe941239f683ecf87551730a2f95d446005346bf1,2miner
0xe967d97843ba14978fb02d9b695193fd746e7c7f,2miner
0xe96f0864127d5972af958cbef3f3e445e5846ccd,2miner
0xe9befc1870643bad4c04057d96b2eb54611b5e1c,2miner
0xea05def4c362eb4812c5a23ecbcf1e494b1ad258,2miner
0xea4a119eb12067f65ce6d5cf7f9fcf88d3b05d79,2miner
0xea857de67f5a63184404b8ca3c618aa94813ebf3,2miner
0xeab2814159c9d5d033befcb533573dbce8c8b11f,2miner
0xeb5556cd085092bd725654358044c36b21cd4ce9,2miner
0xeb802952f10726c4abf644ada65a5d22c68c31b5,2miner
0xeb81ff2d3f320c1941ae3fe9553653c9c94ecfea,2miner
0xeb88e5c18130108c15c6090ab4689f89157eb780,2miner
0xeba68f29e0a4be1b53a31a60445c002691214f58,2miner
0xeba6e626d2be1d19c1a0ee62942b1a35418bbc1a,2miner
0xebdd47a5844336cae64682f99ae971c9641d04df,2miner
0xec079f0dbecc109a5e30137836f362ca1792ce04,2miner
0xec78694ef8c4d30260c40409d9e4958d32c74c3d,2miner
0xec907ec0eaa3a12661af3c907a245a7c7173af8f,2miner
0xec9a0323df0f49cc853434ff364c738b6ca82c11,2miner
0xec9a20316d3b3ccd83a38c7b228aeb2f547fc0c3,2miner
0xecafefd8c9fa6916f46c27518b543731b7a26782,2miner
0xecd294c1e501d648975804cb2b29882807613f95,2miner
0xecd5be353eefe729810291e93f63a9504e26cbbb,2miner
0xed5fed8b721918c04b27c24a91b12e6b50fe3096,2miner
0xed7305ceb2d44f47b2e045a121e2e65752e45f46,2miner
0xed9b19b35ee9deb63bdce7e06f987992a0017c40,2miner
0xedaa657cc26842297ce08655eb829a39054324e4,2miner
0xedb03d093094e05c7f4a0f99291abf2665be01ec,2miner
0xee46ff0147517945a888621b72bf44fbfc06ad57,2miner
0xee5f438b8ba5bb871d2560de2e0aaeaf85120ac5,2miner
0xee6c2ecb656262952dcbdebc46783304265723e9,2miner
0xee7fdda78a71d88bbceb395641fbd2c6393a84ab,2miner
0xee8c9334a4136f90912512a89d9cd56260ed5933,2miner
0xeec6feef144d9b558eec16d40f54a7e1d88b4df1,2miner
0xeef80f2f9b0b1b4cad1254e6e43e67b791495258,2miner
0xef27843bbfa3664360ae772ed9232ba3c364f03c,2miner
0xef512b9a53118a11e874733f06c8dd86823091f3,2miner
0xef58550450a83f84e49ea2781f86544de7c35364,2miner
0xef5de489c32412d9ef207b053554a521a6f04c91,2miner
0xef908afdbf5ed962ab2b714cb4ea5c3b5f8ce6ca,2miner
0xefe34a93df265978bda283f349e9a26db7088615,2miner
0xf003117275cacfe5c578c69c6c93e524e03046c7,2miner
0xf020303f1017331d0e6bb2084c64c7abbaf87a32,2miner
0xf0272b567445d34eeb78035493d2672a31df0b8c,2miner
0xf02a281b86437f6e76c1f5ec47c0ef795c9a0604,2miner
0xf03f78496dada6c413900e3a16ca34a63b8e4199,2miner
0xf072adf2095d6d80ecf582a99caf1ead97f2a70b,2miner
0xf08e939b6ded4856a4c87c29a772c82c7c6c1096,2miner
0xf0a47fd5e3da09325e800d3877132063c7945339,2miner
0xf0ecb318f468b40e7c700473ffe96f332b76c0cf,2miner
0xf1396cb45b9013e4e847c1018ffee37ee8280e1c,2miner
0xf13ab813c737e83316e9f62ee7bff6f0c8dfeb65,2miner
0xf145675e37dffe0f8e03c690240516957bb845d7,2miner
0xf1487a65e6ae55b0c22c861ec01488c1cc9520b7,2miner
0xf14f6b1ba78d1a4532474c7a92030419e042f34f,2miner
0xf150ae0ed1033fb80aaf0992e9ae9e17f63dd5b1,2miner
0xf15c6d4f5d94c4b38d05d33c73e275638b53ca9b,2miner
0xf1973cea2bbb6bfc039d7b1d55aed311ec246b4c,2miner
0xf201d4b2cbbf5494ae24a2f1caed7e0642ed9fa3,2miner
0xf206ba92ca57aad39022fde4c7230bbf12c8ec65,2miner
0xf20cfdc4289af459c580566ee328183c851e2e10,2miner
0xf235cdb7f32bdcf67c42f5644f15cae3db7f469e,2miner
0xf249f368289dae3f50fc90028f4b54fb829fefb3,2miner
0xf2708db32e61ee14b78197562462893a2e5f92fd,2miner
0xf270abf59101a14a7a37aab7df988daa52e28787,2miner
0xf2d018c77e93f50f23165f83009f40fdaffe77da,2miner
0xf307571c30d10815b47ca88ed9b647ce6a16d3f0,2miner
0xf31d554f1e61efb88149fbfa97991b79cfa865d2,2miner
0xf336497c7f88de3c25879c68f2edbac50f0e89fe,2miner
0xf33d0db02bbf734d1396e7a7d57f1c70b856a143,2miner
0xf34292d2325ab96047bd08c66b511530aebdcd60,2miner
0xf354bf4afdf2d6994b45c3c52973181d47c92568,2miner
0xf3a7f0894398c9a49a35315731703a7d91af8a96,2miner
0xf3c2215c01c5847b6e3a14ff9b97417c214a467e,2miner
0xf414baba64d9632b06b767d7e90e4207a9c38c0c,2miner
0xf42606a9d03a39029af129d2fad658b930b7ccdb,2miner
0xf448b5a1e5225f70fb912599f42fc4b675b16600,2miner
0xf455c6f61430eb2d473700fe95f741be18fa9610,2miner
0xf4723db6a2655ff89ca4a39c4683d94c1b046630,2miner
0xf47f3043882aac4edae4445079b08019ffd65a58,2miner
0xf49ba4eb42a48c51a6dbf56a31821613b173c5ab,2miner
0xf4a3c92976c54fa639d9e7ef7bfd962a5f9cb2c0,2miner
0xf4b083aaa29c8941decffbe456f5e8451436f24e,2miner
0xf4e452e8d1cde25638dfbecc090b1a06bb96596c,2miner
0xf4f9ef2d331194d2e8a840e77ddc9832dac2b4ab,2miner
0xf5018ca0b6e6ebc5d4a84325cfba0d1e46043b92,2miner
0xf51a01e2c7c91432a2195b5f38472142dc0aa731,2miner
0xf51b4f4d1ccf0095e07dbe3c1e878c7420ba8764,2miner
0xf524e1b43dd420f7c2bb21f1c222ddc35176b1f6,2miner
0xf535087756666669c76e97562e9a3da66457e6b3,2miner
0xf548a5de2760cdb33da0d38e6d17b195374bff00,2miner
0xf56e5a41ad40bfc569f4a74579c2ce5912e080e1,2miner
0xf58a0a68fe70565869b7f03850cdd828d083f581,2miner
0xf5be05cde32a363bada1f8975d8f205207311337,2miner
0xf617b326d832e60eb401bf1395c5081310b3f1a0,2miner
0xf68ba36196b99eb9cb4b3b84b72e9e16ca59a5d7,2miner
0xf6d6565ca45b8d60c6cb69336d351acf13661673,2miner
0xf7139e8eb3d3c0536f4879939c99bf566650690c,2miner
0xf786ca6ea2d69d598cef70aa96d9d0c9f07d7c3f,2miner
0xf787d7cae300a55ce5741920e85c6a58321215b8,2miner
0xf78e11a8a5571a69ba84a8b6c36b40696126861c,2miner
0xf791d1b0437dbf600e0f2e156c97c6f0eccabf26,2miner
0xf7af821fa6c95662ff6d246e7e7a51b70e1ec1c3,2miner
0xf7d015e8ea41ddb09ec044c921cc5b91d3648ca9,2miner
0xf808729db06d2930a481ef8a2351a84c6ecdfe48,2miner
0xf84fa21c8f7fa7f4e3f83aec1692549cf261c691,2miner
0xf8c22a7d1321dfb20402eaa1d11c4cea9dd2bb6f,2miner
0xf9243cc09f67cde502907e7855187662088d30ae,2miner
0xf958e6e99ccfc5c69583def1c8df4f54f53c48eb,2miner
0xf96abb5327e497c1c2968dff06af790c534d60d6,2miner
0xf9992529fedb953f1f70d0ffd1dbfb61600f9184,2miner
0xf9a13be006eb002837d850ff7e229c94047dd613,2miner
0xf9ab69eb87b1f9ac899b32df425023e6ee28aae5,2miner
0xf9e5594f1631249bbc541f537d0fad6d9ac9dacb,2miner
0xfa1660a6e558d8683755d122afc7feb29a463671,2miner
0xfa1e80f6e7c87cb5e0bbae5504ba11ade8a47518,2miner
0xfab680759afa7aab83366a95ead53ae19b0d16ad,2miner
0xfaec0ab02d5e56fcd800f5ad7f4cdcead7589313,2miner
0xfb03f72df8128cda22a5ec7f7a9647ef96a71f3f,2miner
0xfb07b935813205a9532ce1bbf82c4c50fac8c225,2miner
0xfb62b989a9811cceb166981811fa6bafa5324e2c,2miner
0xfb6916095ca1df60bb79ce92ce3ea74c37c5d359,2miner
0xfb75f780c51f2a23001384fdb2b9c317ecd0247d,2miner
0xfb9e6001e48cb8f2cd7e1b8587084fb08819c14f,2miner
0xfba36fef6840077a99963d313ef6aece39809588,2miner
0xfc801b561607a0f54911c8fa3bc9bf1e2ebbbc96,2miner
0xfc8164ff0d05e4ec5c2c4f8419935c1b28e3b62b,2miner
0xfcb6747faf51a707e7c0c4d7510bc38befaed264,2miner
0xfcdc31d1614385f5282ed3179e0583073a19e46a,2miner
0xfce7f752d9fa4bf14a4068f3205679c193ef3544,2miner
0xfcff163e7128a0a97bd74ffdbb26fca44de7df7d,2miner
0xfd26794b2f69ff4d8d98edeb7f137b2637f781c3,2miner
0xfd80c19721cc7b9541b4f51b652bd8216f86c9f8,2miner
0xfdc748be46494e70f940ea0c382cfc018d88b19c,2miner
0xfdef85cc9ae12fc6bcd406a30c397560590b7589,2miner
0xfe3d44e85bbd941977f4a54dfa8dae8fa2186680,2miner
0xfe59954ea028f0b80496d72613e0887922845230,2miner
0xfe65826b9f9eda8a6ab96439dfccf0c3e64d9f6b,2miner
0xfe8dacaa5823ba2977590a62f9600db784493a04,2miner
0xfe8f59332d37dc8809344a8ba40f3508bb0a3471,2miner
0xff5d39a5502207b02158fcbddea9a13685b0125b,2miner
0xff9feeca848f1e47e66b29d01864438d1898bc32,2miner
0xffe930d7b165c3a023b021f7b6efebdbc82f9d36,2miner
0xfff8bfc248d0236c2372c53756704552a5aff56d,2miner
